date,대륙,그랑프리,서킷,우승자,팀,시간,랩,연도
1950-05-13,유럽,영국,실버스톤 서킷,Nino Farina,Alfa Romeo,2:13:23,70,1950
1950-05-21,유럽,모나코,모나코 서킷,Juan Manuel Fangio,Alfa Romeo,3:13:18,100,1950
1950-05-30,북아메리카,미국,인디애나폴리스 모터 스피드웨이,Johnnie Parsons,Kurtis Kraft Offenhauser,2:46:55,138,1950
1950-06-04,유럽,스위스,브렘가르텐 서킷,Nino Farina,Alfa Romeo,2:02:53,42,1950
1950-06-18,유럽,벨기에,서킷 드 스파-프랑코샹,Juan Manuel Fangio,Alfa Romeo,2:47:26,35,1950
1950-07-02,유럽,프랑스,랭스-괴 서킷,Juan Manuel Fangio,Alfa Romeo,2:57:52,64,1950
1950-09-03,유럽,이탈리아,몬차 서킷,Nino Farina,Alfa Romeo,2:51:17,80,1950
1951-05-27,유럽,스위스,브렘가르텐 서킷,Juan Manuel Fangio,Alfa Romeo,2:07:53,42,1951
1951-05-30,북아메리카,미국,인디애나폴리스 모터 스피드웨이,Lee Wallard,Kurtis Kraft Offenhauser,3:57:38,200,1951
1951-06-17,유럽,벨기에,서킷 드 스파-프랑코샹,Nino Farina,Alfa Romeo,2:45:46,36,1951
1951-07-01,유럽,프랑스,랭스-괴 서킷,Juan Manuel Fangio,Alfa Romeo,3:22:11,77,1951
1951-07-01,유럽,프랑스,랭스-괴 서킷,Luigi Fagioli,Alfa Romeo,3:22:11,77,1951
1951-07-14,유럽,영국,실버스톤 서킷,Jose Froilan Gonzalez,Ferrari,2:42:18,90,1951
1951-07-29,유럽,독일,뉘르부르크링,Alberto Ascari,Ferrari,3:23:03,20,1951
1951-09-16,유럽,이탈리아,몬차 서킷,Alberto Ascari,Ferrari,2:42:39,80,1951
1951-10-28,유럽,스페인,페드랄베스 서킷,Juan Manuel Fangio,Alfa Romeo,2:46:54,70,1951
1952-05-18,유럽,스위스,브렘가르텐 서킷,Piero Taruffi,Ferrari,3:01:46,62,1952
1952-05-30,북아메리카,미국,인디애나폴리스 모터 스피드웨이,Troy Ruttman,Kuzma Offenhauser,3:52:41,200,1952
1952-06-22,유럽,벨기에,서킷 드 스파-프랑코샹,Alberto Ascari,Ferrari,3:03:46,36,1952
1952-07-06,유럽,프랑스,루앙 레 제사르 서킷,Alberto Ascari,Ferrari,3:00:00,77,1952
1952-07-19,유럽,영국,실버스톤 서킷,Alberto Ascari,Ferrari,2:44:11,85,1952
1952-08-03,유럽,독일,뉘르부르크링,Alberto Ascari,Ferrari,3:06:13,18,1952
1952-08-17,유럽,네덜란드,서킷 잔드보르트,Alberto Ascari,Ferrari,2:53:28,90,1952
1952-09-07,유럽,이탈리아,몬차 서킷,Alberto Ascari,Ferrari,2:50:45,80,1952
1953-01-18,남아메리카,아르헨티나,부에노스아이레스 서킷,Alberto Ascari,Ferrari,3:01:04,97,1953
1953-05-30,북아메리카,미국,인디애나폴리스 모터 스피드웨이,Bill Vukovich,Kurtis Kraft Offenhauser,3:53:01,200,1953
1953-06-07,유럽,네덜란드,서킷 잔드보르트,Alberto Ascari,Ferrari,2:53:35,90,1953
1953-06-21,유럽,벨기에,서킷 드 스파-프랑코샹,Alberto Ascari,Ferrari,2:48:30,36,1953
1953-07-05,유럽,프랑스,랭스-괴 서킷,Mike Hawthorn,Ferrari,2:44:18,60,1953
1953-07-18,유럽,영국,실버스톤 서킷,Alberto Ascari,Ferrari,2:50:00,90,1953
1953-08-02,유럽,독일,뉘르부르크링,Nino Farina,Ferrari,3:02:25,18,1953
1953-08-23,유럽,스위스,브렘가르텐 서킷,Alberto Ascari,Ferrari,3:01:34,65,1953
1953-09-13,유럽,이탈리아,몬차 서킷,Juan Manuel Fangio,Maserati,2:49:45,80,1953
1954-01-17,남아메리카,아르헨티나,부에노스아이레스 서킷,Juan Manuel Fangio,Maserati,3:00:55,87,1954
1954-05-31,북아메리카,미국,인디애나폴리스 모터 스피드웨이,Bill Vukovich,Kurtis Kraft Offenhauser,3:49:17,200,1954
1954-06-20,유럽,벨기에,서킷 드 스파-프랑코샹,Juan Manuel Fangio,Maserati,2:44:42,36,1954
1954-07-04,유럽,프랑스,랭스-괴 서킷,Juan Manuel Fangio,Mercedes-Benz,2:42:47,61,1954
1954-07-17,유럽,영국,실버스톤 서킷,Jose Froilan Gonzalez,Ferrari,2:56:14,90,1954
1954-08-01,유럽,독일,뉘르부르크링,Juan Manuel Fangio,Mercedes-Benz,3:45:45,22,1954
1954-08-22,유럽,스위스,브렘가르텐 서킷,Juan Manuel Fangio,Mercedes-Benz,3:00:34,66,1954
1954-09-05,유럽,이탈리아,몬차 서킷,Juan Manuel Fangio,Mercedes-Benz,2:47:47,80,1954
1954-10-24,유럽,스페인,페드랄베스 서킷,Mike Hawthorn,Ferrari,3:13:52,80,1954
1955-01-16,남아메리카,아르헨티나,부에노스아이레스 서킷,Juan Manuel Fangio,Mercedes-Benz,3:00:38,96,1955
1955-05-22,유럽,모나코,모나코 서킷,Maurice Trintignant,Ferrari,2:58:09,100,1955
1955-05-30,북아메리카,미국,인디애나폴리스 모터 스피드웨이,Bob Sweikert,Kurtis Kraft Offenhauser,3:53:59,200,1955
1955-06-05,유럽,벨기에,서킷 드 스파-프랑코샹,Juan Manuel Fangio,Mercedes-Benz,2:39:29,36,1955
1955-06-19,유럽,네덜란드,서킷 잔드보르트,Juan Manuel Fangio,Mercedes-Benz,2:54:23,100,1955
1955-07-16,유럽,영국,에인트리 서킷,Stirling Moss,Mercedes-Benz,3:07:21,90,1955
1955-09-11,유럽,이탈리아,몬차 서킷,Juan Manuel Fangio,Mercedes-Benz,2:25:04,50,1955
1956-01-22,남아메리카,아르헨티나,부에노스아이레스 서킷,Luigi Musso,Ferrari,3:00:03,98,1956
1956-01-22,남아메리카,아르헨티나,부에노스아이레스 서킷,Juan Manuel Fangio,Ferrari,3:00:03,98,1956
1956-05-13,유럽,모나코,모나코 서킷,Stirling Moss,Maserati,3:00:32,100,1956
1956-05-30,북아메리카,미국,인디애나폴리스 모터 스피드웨이,Pat Flaherty,Watson Offenhauser,3:53:28,200,1956
1956-06-03,유럽,벨기에,서킷 드 스파-프랑코샹,Peter Collins,Ferrari,2:40:00,36,1956
1956-07-01,유럽,프랑스,랭스-괴 서킷,Peter Collins,Ferrari,2:34:23,61,1956
1956-07-14,유럽,영국,실버스톤 서킷,Juan Manuel Fangio,Ferrari,2:59:47,101,1956
1956-08-05,유럽,독일,뉘르부르크링,Juan Manuel Fangio,Ferrari,3:38:43,22,1956
1956-09-02,유럽,이탈리아,몬차 서킷,Stirling Moss,Maserati,2:23:41,50,1956
1957-01-13,남아메리카,아르헨티나,부에노스아이레스 서킷,Juan Manuel Fangio,Maserati,3:00:55,100,1957
1957-05-19,유럽,모나코,모나코 서킷,Juan Manuel Fangio,Maserati,3:10:12,105,1957
1957-05-30,북아메리카,미국,인디애나폴리스 모터 스피드웨이,Sam Hanks,Epperly Offenhauser,3:41:14,200,1957
1957-07-07,유럽,프랑스,루앙 레 제사르 서킷,Juan Manuel Fangio,Maserati,3:07:46,77,1957
1957-07-20,유럽,영국,에인트리 서킷,Tony Brooks,Vanwall,3:06:37,90,1957
1957-07-20,유럽,영국,에인트리 서킷,Stirling Moss,Vanwall,3:06:37,90,1957
1957-08-04,유럽,독일,뉘르부르크링,Juan Manuel Fangio,Maserati,3:30:38,22,1957
1957-08-18,유럽,이탈리아,페스카라 서킷,Stirling Moss,Vanwall,2:59:22,18,1957
1957-09-08,유럽,이탈리아,몬차 서킷,Stirling Moss,Vanwall,2:35:03,87,1957
1958-01-19,남아메리카,아르헨티나,부에노스아이레스 서킷,Stirling Moss,Cooper Climax,2:19:33,80,1958
1958-05-18,유럽,모나코,모나코 서킷,Maurice Trintignant,Cooper Climax,2:52:27,100,1958
1958-05-26,유럽,네덜란드,서킷 잔드보르트,Stirling Moss,Vanwall,2:04:49,75,1958
1958-05-30,북아메리카,미국,인디애나폴리스 모터 스피드웨이,Jimmy Bryan,Epperly Offenhauser,3:44:13,200,1958
1958-06-15,유럽,벨기에,서킷 드 스파-프랑코샹,Tony Brooks,Vanwall,1:37:06,24,1958
1958-07-06,유럽,프랑스,랭스-괴 서킷,Mike Hawthorn,Ferrari,2:03:21,50,1958
1958-07-19,유럽,영국,실버스톤 서킷,Peter Collins,Ferrari,2:09:04,75,1958
1958-08-03,유럽,독일,뉘르부르크링,Tony Brooks,Vanwall,2:21:15,15,1958
1958-08-24,유럽,포르투갈,보아비스타 서킷,Stirling Moss,Vanwall,2:11:27,50,1958
1958-09-07,유럽,이탈리아,몬차 서킷,Tony Brooks,Vanwall,2:03:47,70,1958
1958-10-19,아프리카,모로코,아인-디압 서킷,Stirling Moss,Vanwall,2:09:15,53,1958
1959-05-10,유럽,모나코,모나코 서킷,Jack Brabham,Cooper Climax,2:55:51,100,1959
1959-05-30,북아메리카,미국,인디애나폴리스 모터 스피드웨이,Rodger Ward,Watson Offenhauser,3:40:49,200,1959
1959-05-31,유럽,네덜란드,서킷 잔드보르트,Jo Bonnier,BRM,2:05:26,75,1959
1959-07-05,유럽,프랑스,랭스-괴 서킷,Tony Brooks,Ferrari,2:01:26,50,1959
1959-07-18,유럽,영국,에인트리 서킷,Jack Brabham,Cooper Climax,2:30:11,75,1959
1959-08-02,유럽,독일,아부스,Tony Brooks,Ferrari,2:09:31,60,1959
1959-08-23,유럽,포르투갈,몬산투 서킷,Stirling Moss,Cooper Climax,2:11:55,62,1959
1959-09-13,유럽,이탈리아,몬차 서킷,Stirling Moss,Cooper Climax,2:04:05,72,1959
1959-12-12,북아메리카,미국,세브링 레이스웨이,Bruce McLaren,Cooper Climax,2:12:35,42,1959
1960-02-07,남아메리카,아르헨티나,부에노스아이레스 서킷,Bruce McLaren,Cooper Climax,2:17:49,80,1960
1960-05-29,유럽,모나코,모나코 서킷,Stirling Moss,Lotus Climax,2:53:45,100,1960
1960-05-30,북아메리카,미국,인디애나폴리스 모터 스피드웨이,Jim Rathmann,Watson Offenhauser,3:36:11,200,1960
1960-06-06,유럽,네덜란드,서킷 잔드보르트,Jack Brabham,Cooper Climax,2:01:47,75,1960
1960-06-19,유럽,벨기에,서킷 드 스파-프랑코샹,Jack Brabham,Cooper Climax,2:21:37,36,1960
1960-07-03,유럽,프랑스,랭스-괴 서킷,Jack Brabham,Cooper Climax,1:57:24,50,1960
1960-07-16,유럽,영국,실버스톤 서킷,Jack Brabham,Cooper Climax,2:04:24,77,1960
1960-08-14,유럽,포르투갈,보아비스타 서킷,Jack Brabham,Cooper Climax,2:19:00,55,1960
1960-09-04,유럽,이탈리아,몬차 서킷,Phil Hill,Ferrari,2:21:09,50,1960
1960-11-20,북아메리카,미국,리버사이드 인터내셔널 레이스웨이,Stirling Moss,Lotus Climax,2:28:52,75,1960
1961-05-14,유럽,모나코,모나코 서킷,Stirling Moss,Lotus Climax,2:45:50,100,1961
1961-05-22,유럽,네덜란드,서킷 잔드보르트,Wolfgang von Trips,Ferrari,2:01:52,75,1961
1961-06-18,유럽,벨기에,서킷 드 스파-프랑코샹,Phil Hill,Ferrari,2:03:03,30,1961
1961-07-02,유럽,프랑스,랭스-괴 서킷,Giancarlo Baghetti,Ferrari,2:14:17,52,1961
1961-07-15,유럽,영국,에인트리 서킷,Wolfgang von Trips,Ferrari,2:40:53,75,1961
1961-08-06,유럽,독일,뉘르부르크링,Stirling Moss,Lotus Climax,2:18:12,15,1961
1961-09-10,유럽,이탈리아,몬차 서킷,Phil Hill,Ferrari,2:03:13,43,1961
1961-10-08,북아메리카,미국,왓킨스 글렌 인터내셔널,Innes Ireland,Lotus Climax,2:13:45,100,1961
1962-05-20,유럽,네덜란드,서킷 잔드보르트,Graham Hill,BRM,2:11:02,80,1962
1962-06-03,유럽,모나코,모나코 서킷,Bruce McLaren,Cooper Climax,2:46:29,100,1962
1962-06-17,유럽,벨기에,서킷 드 스파-프랑코샹,Jim Clark,Lotus Climax,2:07:32,32,1962
1962-07-08,유럽,프랑스,루앙 레 제사르 서킷,Dan Gurney,Porsche,2:07:35,54,1962
1962-07-21,유럽,영국,에인트리 서킷,Jim Clark,Lotus Climax,2:26:20,75,1962
1962-08-05,유럽,독일,뉘르부르크링,Graham Hill,BRM,2:38:45,15,1962
1962-09-16,유럽,이탈리아,몬차 서킷,Graham Hill,BRM,2:29:08,86,1962
1962-10-07,북아메리카,미국,왓킨스 글렌 인터내셔널,Jim Clark,Lotus Climax,2:07:13,100,1962
1962-12-29,아프리카,남아프리카 공화국,프린스 조지 서킷,Graham Hill,BRM,2:08:03,82,1962
1963-05-26,유럽,모나코,모나코 서킷,Graham Hill,BRM,2:41:49,100,1963
1963-06-09,유럽,벨기에,서킷 드 스파-프랑코샹,Jim Clark,Lotus Climax,2:27:47,32,1963
1963-06-23,유럽,네덜란드,서킷 잔드보르트,Jim Clark,Lotus Climax,2:08:13,80,1963
1963-06-30,유럽,프랑스,랭스-괴 서킷,Jim Clark,Lotus Climax,2:10:54,53,1963
1963-07-20,유럽,영국,실버스톤 서킷,Jim Clark,Lotus Climax,2:14:09,82,1963
1963-08-04,유럽,독일,뉘르부르크링,John Surtees,Ferrari,2:13:06,15,1963
1963-09-08,유럽,이탈리아,몬차 서킷,Jim Clark,Lotus Climax,2:24:19,86,1963
1963-10-06,북아메리카,미국,왓킨스 글렌 인터내셔널,Graham Hill,BRM,2:19:22,110,1963
1963-10-27,북아메리카,멕시코,아우토드로모 에르마노스 로드리게스,Jim Clark,Lotus Climax,2:09:52,65,1963
1963-12-28,아프리카,남아프리카 공화국,프린스 조지 서킷,Jim Clark,Lotus Climax,2:10:36,85,1963
1964-05-10,유럽,모나코,모나코 서킷,Graham Hill,BRM,2:41:19,100,1964
1964-05-24,유럽,네덜란드,서킷 잔드보르트,Jim Clark,Lotus Climax,2:07:35,80,1964
1964-06-14,유럽,벨기에,서킷 드 스파-프랑코샹,Jim Clark,Lotus Climax,2:06:40,32,1964
1964-06-28,유럽,프랑스,루앙 레 제사르 서킷,Dan Gurney,Brabham Climax,2:07:49,57,1964
1964-07-11,유럽,영국,브랜즈 해치,Jim Clark,Lotus Climax,2:15:07,80,1964
1964-08-02,유럽,독일,뉘르부르크링,John Surtees,Ferrari,2:12:04,15,1964
1964-08-23,유럽,오스트리아,첼트베크 비행장 서킷,Lorenzo Bandini,Ferrari,2:06:18,105,1964
1964-09-06,유럽,이탈리아,몬차 서킷,John Surtees,Ferrari,2:10:51,78,1964
1964-10-04,북아메리카,미국,왓킨스 글렌 인터내셔널,Graham Hill,BRM,2:16:38,110,1964
1964-10-25,북아메리카,멕시코,아우토드로모 에르마노스 로드리게스,Dan Gurney,Brabham Climax,2:09:50,65,1964
1965-01-01,아프리카,남아프리카 공화국,프린스 조지 서킷,Jim Clark,Lotus Climax,2:06:46,85,1965
1965-05-30,유럽,모나코,모나코 서킷,Graham Hill,BRM,2:37:39,100,1965
1965-06-13,유럽,벨기에,서킷 드 스파-프랑코샹,Jim Clark,Lotus Climax,2:23:34,32,1965
1965-06-27,유럽,프랑스,샤레이드 서킷,Jim Clark,Lotus Climax,2:14:38,40,1965
1965-07-10,유럽,영국,실버스톤 서킷,Jim Clark,Lotus Climax,2:05:25,80,1965
1965-07-18,유럽,네덜란드,서킷 잔드보르트,Jim Clark,Lotus Climax,2:03:59,80,1965
1965-08-01,유럽,독일,뉘르부르크링,Jim Clark,Lotus Climax,2:07:52,15,1965
1965-09-12,유럽,이탈리아,몬차 서킷,Jackie Stewart,BRM,2:04:52,76,1965
1965-10-03,북아메리카,미국,왓킨스 글렌 인터내셔널,Graham Hill,BRM,2:20:36,110,1965
1965-10-24,북아메리카,멕시코,아우토드로모 에르마노스 로드리게스,Richie Ginther,Honda,2:08:32,65,1965
1966-05-22,유럽,모나코,모나코 서킷,Jackie Stewart,BRM,2:33:10,100,1966
1966-06-12,유럽,벨기에,서킷 드 스파-프랑코샹,John Surtees,Ferrari,2:09:11,28,1966
1966-07-03,유럽,프랑스,랭스-괴 서킷,Jack Brabham,Brabham Repco,1:48:31,48,1966
1966-07-16,유럽,영국,브랜즈 해치,Jack Brabham,Brabham Repco,2:13:13,80,1966
1966-07-24,유럽,네덜란드,서킷 잔드보르트,Jack Brabham,Brabham Repco,2:20:32,90,1966
1966-08-07,유럽,독일,뉘르부르크링,Jack Brabham,Brabham Repco,2:27:03,15,1966
1966-09-04,유럽,이탈리아,몬차 서킷,Ludovico Scarfiotti,Ferrari,1:47:14,68,1966
1966-10-02,북아메리카,미국,왓킨스 글렌 인터내셔널,Jim Clark,Lotus BRM,2:09:40,108,1966
1966-10-23,북아메리카,멕시코,아우토드로모 에르마노스 로드리게스,John Surtees,Cooper Maserati,2:06:35,65,1966
1967-01-02,아프리카,남아프리카 공화국,키알라미 그랑프리 서킷,Pedro Rodriguez,Cooper Maserati,2:05:45,80,1967
1967-05-07,유럽,모나코,모나코 서킷,Denny Hulme,Brabham Repco,2:34:34,100,1967
1967-06-04,유럽,네덜란드,서킷 잔드보르트,Jim Clark,Lotus Ford,2:14:45,90,1967
1967-06-18,유럽,벨기에,서킷 드 스파-프랑코샹,Dan Gurney,Eagle Weslake,1:40:49,28,1967
1967-07-02,유럽,프랑스,부가티 서킷,Jack Brabham,Brabham Repco,2:13:21,80,1967
1967-07-15,유럽,영국,실버스톤 서킷,Jim Clark,Lotus Ford,1:59:25,80,1967
1967-08-06,유럽,독일,뉘르부르크링,Denny Hulme,Brabham Repco,2:05:55,15,1967
1967-08-27,북아메리카,캐나다,모스포트 인터내셔널 레이스웨이,Jack Brabham,Brabham Repco,2:40:40,90,1967
1967-09-10,유럽,이탈리아,몬차 서킷,John Surtees,Honda,1:43:45,68,1967
1967-10-01,북아메리카,미국,왓킨스 글렌 인터내셔널,Jim Clark,Lotus Ford,2:03:13,108,1967
1967-10-22,북아메리카,멕시코,아우토드로모 에르마노스 로드리게스,Jim Clark,Lotus Ford,1:59:28,65,1967
1968-01-01,아프리카,남아프리카 공화국,키알라미 그랑프리 서킷,Jim Clark,Lotus Ford,1:53:56,80,1968
1968-05-12,유럽,스페인,하라마 서킷,Graham Hill,Lotus Ford,2:15:20,90,1968
1968-05-26,유럽,모나코,모나코 서킷,Graham Hill,Lotus Ford,2:00:32,80,1968
1968-06-09,유럽,벨기에,서킷 드 스파-프랑코샹,Bruce McLaren,McLaren Ford,1:40:02,28,1968
1968-06-23,유럽,네덜란드,서킷 잔드보르트,Jackie Stewart,Matra Ford,2:46:11,90,1968
1968-07-07,유럽,프랑스,루앙 레 제사르 서킷,Jacky Ickx,Ferrari,2:25:40,60,1968
1968-07-20,유럽,영국,브랜즈 해치,Jo Siffert,Lotus Ford,2:01:20,80,1968
1968-08-04,유럽,독일,뉘르부르크링,Jackie Stewart,Matra Ford,2:19:03,14,1968
1968-09-08,유럽,이탈리아,몬차 서킷,Denny Hulme,McLaren Ford,1:40:14,68,1968
1968-09-22,북아메리카,캐나다,서킷 몽트랑블랑,Denny Hulme,McLaren Ford,2:27:11,90,1968
1968-10-06,북아메리카,미국,왓킨스 글렌 인터내셔널,Jackie Stewart,Matra Ford,1:59:20,108,1968
1968-11-03,북아메리카,멕시코,아우토드로모 에르마노스 로드리게스,Graham Hill,Lotus Ford,1:56:43,65,1968
1969-03-01,아프리카,남아프리카 공화국,키알라미 그랑프리 서킷,Jackie Stewart,Matra Ford,1:50:39,80,1969
1969-05-04,유럽,스페인,몬주익 서킷,Jackie Stewart,Matra Ford,2:16:53,90,1969
1969-05-18,유럽,모나코,모나코 서킷,Graham Hill,Lotus Ford,1:56:59,80,1969
1969-06-21,유럽,네덜란드,서킷 잔드보르트,Jackie Stewart,Matra Ford,2:06:42,90,1969
1969-07-06,유럽,프랑스,샤레이드 서킷,Jackie Stewart,Matra Ford,1:56:47,38,1969
1969-07-19,유럽,영국,실버스톤 서킷,Jackie Stewart,Matra Ford,1:55:55,84,1969
1969-08-03,유럽,독일,뉘르부르크링,Jacky Ickx,Brabham Ford,1:49:55,14,1969
1969-09-07,유럽,이탈리아,몬차 서킷,Jackie Stewart,Matra Ford,1:39:11,68,1969
1969-09-20,북아메리카,캐나다,모스포트 인터내셔널 레이스웨이,Jacky Ickx,Brabham Ford,1:59:25,90,1969
1969-10-05,북아메리카,미국,왓킨스 글렌 인터내셔널,Jochen Rindt,Lotus Ford,1:57:56,108,1969
1969-10-19,북아메리카,멕시코,아우토드로모 에르마노스 로드리게스,Denny Hulme,McLaren Ford,1:54:08,65,1969
1970-03-07,아프리카,남아프리카 공화국,키알라미 그랑프리 서킷,Jack Brabham,Brabham Ford,1:49:34,80,1970
1970-04-19,유럽,스페인,하라마 서킷,Jackie Stewart,March Ford,2:10:58,90,1970
1970-05-10,유럽,모나코,모나코 서킷,Jochen Rindt,Lotus Ford,1:54:36,80,1970
1970-06-07,유럽,벨기에,서킷 드 스파-프랑코샹,Pedro Rodriguez,BRM,1:38:09,28,1970
1970-06-21,유럽,네덜란드,서킷 잔드보르트,Jochen Rindt,Lotus Ford,1:50:43,80,1970
1970-07-05,유럽,프랑스,샤레이드 서킷,Jochen Rindt,Lotus Ford,1:55:57,38,1970
1970-07-18,유럽,영국,브랜즈 해치,Jochen Rindt,Lotus Ford,1:57:02,80,1970
1970-08-02,유럽,독일,호켄하임링,Jochen Rindt,Lotus Ford,1:42:00,50,1970
1970-08-16,유럽,오스트리아,레드불 링,Jacky Ickx,Ferrari,1:42:17,60,1970
1970-09-06,유럽,이탈리아,몬차 서킷,Clay Regazzoni,Ferrari,1:39:06,68,1970
1970-09-20,북아메리카,캐나다,서킷 몽트랑블랑,Jacky Ickx,Ferrari,2:21:18,90,1970
1970-10-04,북아메리카,미국,왓킨스 글렌 인터내셔널,Emerson Fittipaldi,Lotus Ford,1:57:32,108,1970
1970-10-25,북아메리카,멕시코,아우토드로모 에르마노스 로드리게스,Jacky Ickx,Ferrari,1:53:28,65,1970
1971-03-06,아프리카,남아프리카 공화국,키알라미 그랑프리 서킷,Mario Andretti,Ferrari,1:47:35,79,1971
1971-04-18,유럽,스페인,몬주익 서킷,Jackie Stewart,Tyrrell Ford,1:49:03,75,1971
1971-05-23,유럽,모나코,모나코 서킷,Jackie Stewart,Tyrrell Ford,1:52:21,80,1971
1971-06-20,유럽,네덜란드,서킷 잔드보르트,Jacky Ickx,Ferrari,1:56:20,70,1971
1971-07-04,유럽,프랑스,서킷 폴 리카르,Jackie Stewart,Tyrrell Ford,1:46:41,55,1971
1971-07-17,유럽,영국,실버스톤 서킷,Jackie Stewart,Tyrrell Ford,1:31:31,68,1971
1971-08-01,유럽,독일,뉘르부르크링,Jackie Stewart,Tyrrell Ford,1:29:15,12,1971
1971-08-15,유럽,오스트리아,레드불 링,Jo Siffert,BRM,1:30:23,54,1971
1971-09-05,유럽,이탈리아,몬차 서킷,Peter Gethin,BRM,1:18:12,55,1971
1971-09-19,북아메리카,캐나다,모스포트 인터내셔널 레이스웨이,Jackie Stewart,Tyrrell Ford,1:55:12,64,1971
1971-10-03,북아메리카,미국,왓킨스 글렌 인터내셔널,Francois Cevert,Tyrrell Ford,1:43:51,59,1971
1972-01-23,남아메리카,아르헨티나,부에노스아이레스 서킷,Jackie Stewart,Tyrrell Ford,1:57:58,95,1972
1972-03-04,아프리카,남아프리카 공화국,키알라미 그랑프리 서킷,Denny Hulme,McLaren Ford,1:45:49,79,1972
1972-05-01,유럽,스페인,하라마 서킷,Emerson Fittipaldi,Lotus Ford,2:03:41,90,1972
1972-05-14,유럽,모나코,모나코 서킷,Jean-Pierre Beltoise,BRM,2:26:54,80,1972
1972-06-04,유럽,벨기에,니벨-볼러 서킷,Emerson Fittipaldi,Lotus Ford,1:44:06,85,1972
1972-07-02,유럽,프랑스,샤레이드 서킷,Jackie Stewart,Tyrrell Ford,1:52:21,38,1972
1972-07-15,유럽,영국,브랜즈 해치,Emerson Fittipaldi,Lotus Ford,1:47:50,76,1972
1972-07-30,유럽,독일,뉘르부르크링,Jacky Ickx,Ferrari,1:42:12,14,1972
1972-08-13,유럽,오스트리아,레드불 링,Emerson Fittipaldi,Lotus Ford,1:29:16,54,1972
1972-09-10,유럽,이탈리아,몬차 서킷,Emerson Fittipaldi,Lotus Ford,1:29:58,55,1972
1972-09-24,북아메리카,캐나다,모스포트 인터내셔널 레이스웨이,Jackie Stewart,Tyrrell Ford,1:43:16,80,1972
1972-10-08,북아메리카,미국,왓킨스 글렌 인터내셔널,Jackie Stewart,Tyrrell Ford,1:41:45,59,1972
1973-01-28,남아메리카,아르헨티나,부에노스아이레스 서킷,Emerson Fittipaldi,Lotus Ford,1:56:18,96,1973
1973-02-11,남아메리카,브라질,인터라고스 서킷,Emerson Fittipaldi,Lotus Ford,1:43:55,40,1973
1973-03-03,아프리카,남아프리카 공화국,키알라미 그랑프리 서킷,Jackie Stewart,Tyrrell Ford,1:43:11,79,1973
1973-04-29,유럽,스페인,몬주익 서킷,Emerson Fittipaldi,Lotus Ford,1:48:18,75,1973
1973-05-20,유럽,벨기에,졸더르 서킷,Jackie Stewart,Tyrrell Ford,1:42:13,70,1973
1973-06-03,유럽,모나코,모나코 서킷,Jackie Stewart,Tyrrell Ford,1:57:44,78,1973
1973-06-17,유럽,스웨덴,스칸디나비안 레이스웨이,Denny Hulme,McLaren Ford,1:56:46,80,1973
1973-07-01,유럽,프랑스,서킷 폴 리카르,Ronnie Peterson,Lotus Ford,1:41:36,54,1973
1973-07-14,유럽,영국,실버스톤 서킷,Peter Revson,McLaren Ford,1:29:18,67,1973
1973-07-29,유럽,네덜란드,서킷 잔드보르트,Jackie Stewart,Tyrrell Ford,1:39:12,72,1973
1973-08-05,유럽,독일,뉘르부르크링,Jackie Stewart,Tyrrell Ford,1:42:03,14,1973
1973-08-19,유럽,오스트리아,레드불 링,Ronnie Peterson,Lotus Ford,1:28:48,54,1973
1973-09-09,유럽,이탈리아,몬차 서킷,Ronnie Peterson,Lotus Ford,1:29:17,55,1973
1973-09-23,북아메리카,캐나다,모스포트 인터내셔널 레이스웨이,Peter Revson,McLaren Ford,1:59:04,80,1973
1973-10-07,북아메리카,미국,왓킨스 글렌 인터내셔널,Ronnie Peterson,Lotus Ford,1:41:15,59,1973
1974-01-13,남아메리카,아르헨티나,부에노스아이레스 서킷,Denny Hulme,McLaren Ford,1:41:02,53,1974
1974-01-27,남아메리카,브라질,인터라고스 서킷,Emerson Fittipaldi,McLaren Ford,1:24:37,32,1974
1974-03-30,아프리카,남아프리카 공화국,키알라미 그랑프리 서킷,Carlos Reutemann,Brabham Ford,1:42:40,78,1974
1974-04-28,유럽,스페인,하라마 서킷,Niki Lauda,Ferrari,2:00:29,84,1974
1974-05-12,유럽,벨기에,니벨-볼러 서킷,Emerson Fittipaldi,McLaren Ford,1:44:20,85,1974
1974-05-26,유럽,모나코,모나코 서킷,Ronnie Peterson,Lotus Ford,1:58:03,78,1974
1974-06-09,유럽,스웨덴,스칸디나비안 레이스웨이,Jody Scheckter,Tyrrell Ford,1:58:31,80,1974
1974-06-23,유럽,네덜란드,서킷 잔드보르트,Niki Lauda,Ferrari,1:43:00,75,1974
1974-07-07,유럽,프랑스,디종-프레누아 서킷,Ronnie Peterson,Lotus Ford,1:21:55,80,1974
1974-07-20,유럽,영국,브랜즈 해치,Jody Scheckter,Tyrrell Ford,1:43:02,75,1974
1974-08-04,유럽,독일,뉘르부르크링,Clay Regazzoni,Ferrari,1:41:35,14,1974
1974-08-18,유럽,오스트리아,레드불 링,Carlos Reutemann,Brabham Ford,1:28:44,54,1974
1974-09-08,유럽,이탈리아,몬차 서킷,Ronnie Peterson,Lotus Ford,1:22:56,52,1974
1974-09-22,북아메리카,캐나다,모스포트 인터내셔널 레이스웨이,Emerson Fittipaldi,McLaren Ford,1:40:26,80,1974
1974-10-06,북아메리카,미국,왓킨스 글렌 인터내셔널,Carlos Reutemann,Brabham Ford,1:40:21,59,1974
1975-01-12,남아메리카,아르헨티나,부에노스아이레스 서킷,Emerson Fittipaldi,McLaren Ford,1:39:26,53,1975
1975-01-26,남아메리카,브라질,인터라고스 서킷,Carlos Pace,Brabham Ford,1:44:41,40,1975
1975-03-01,아프리카,남아프리카 공화국,키알라미 그랑프리 서킷,Jody Scheckter,Tyrrell Ford,1:43:16,78,1975
1975-04-27,유럽,스페인,몬주익 서킷,Jochen Mass,McLaren Ford,0:42:53,29,1975
1975-05-11,유럽,모나코,모나코 서킷,Niki Lauda,Ferrari,2:01:21,75,1975
1975-05-25,유럽,벨기에,졸더르 서킷,Niki Lauda,Ferrari,1:43:53,70,1975
1975-06-08,유럽,스웨덴,스칸디나비안 레이스웨이,Niki Lauda,Ferrari,1:59:18,80,1975
1975-06-22,유럽,네덜란드,서킷 잔드보르트,James Hunt,Hesketh Ford,1:46:57,75,1975
1975-07-06,유럽,프랑스,서킷 폴 리카르,Niki Lauda,Ferrari,1:40:18,54,1975
1975-07-19,유럽,영국,실버스톤 서킷,Emerson Fittipaldi,McLaren Ford,1:22:05,56,1975
1975-08-03,유럽,독일,뉘르부르크링,Carlos Reutemann,Brabham Ford,1:41:14,14,1975
1975-08-17,유럽,오스트리아,레드불 링,Vittorio Brambilla,March Ford,0:57:56,29,1975
1975-09-07,유럽,이탈리아,몬차 서킷,Clay Regazzoni,Ferrari,1:22:42,52,1975
1975-10-05,북아메리카,미국,왓킨스 글렌 인터내셔널,Niki Lauda,Ferrari,1:42:58,59,1975
1976-01-25,남아메리카,브라질,인터라고스 서킷,Niki Lauda,Ferrari,1:45:16,40,1976
1976-03-06,아프리카,남아프리카 공화국,키알라미 그랑프리 서킷,Niki Lauda,Ferrari,1:42:18,78,1976
1976-03-28,북아메리카,미국,롱비치 시가지 서킷,Clay Regazzoni,Ferrari,1:53:18,80,1976
1976-05-02,유럽,스페인,하라마 서킷,James Hunt,McLaren Ford,1:42:20,75,1976
1976-05-16,유럽,벨기에,졸더르 서킷,Niki Lauda,Ferrari,1:42:53,70,1976
1976-05-30,유럽,모나코,모나코 서킷,Niki Lauda,Ferrari,1:59:51,78,1976
1976-06-13,유럽,스웨덴,스칸디나비안 레이스웨이,Jody Scheckter,Tyrrell Ford,1:46:53,72,1976
1976-07-04,유럽,프랑스,서킷 폴 리카르,James Hunt,McLaren Ford,1:40:58,54,1976
1976-07-18,유럽,영국,브랜즈 해치,Niki Lauda,Ferrari,1:44:19,76,1976
1976-08-01,유럽,독일,뉘르부르크링,James Hunt,McLaren Ford,1:41:42,14,1976
1976-08-15,유럽,오스트리아,레드불 링,John Watson,Penske Ford,1:30:07,54,1976
1976-08-29,유럽,네덜란드,서킷 잔드보르트,James Hunt,McLaren Ford,1:44:52,75,1976
1976-09-12,유럽,이탈리아,몬차 서킷,Ronnie Peterson,March Ford,1:30:35,52,1976
1976-10-03,북아메리카,캐나다,모스포트 인터내셔널 레이스웨이,James Hunt,McLaren Ford,1:40:09,80,1976
1976-10-10,북아메리카,미국,왓킨스 글렌 인터내셔널,James Hunt,McLaren Ford,1:42:40,59,1976
1976-10-24,아시아,Japan,후지 스피드웨이,Mario Andretti,Lotus Ford,1:43:58,73,1976
1977-01-09,남아메리카,아르헨티나,부에노스아이레스 서킷,Jody Scheckter,Wolf Ford,1:40:11,53,1977
1977-01-23,남아메리카,브라질,인터라고스 서킷,Carlos Reutemann,Ferrari,1:45:07,40,1977
1977-03-05,아프리카,남아프리카 공화국,키알라미 그랑프리 서킷,Niki Lauda,Ferrari,1:42:21,78,1977
1977-04-03,북아메리카,미국,롱비치 시가지 서킷,Mario Andretti,Lotus Ford,1:51:35,80,1977
1977-05-08,유럽,스페인,하라마 서킷,Mario Andretti,Lotus Ford,1:42:52,75,1977
1977-05-22,유럽,모나코,모나코 서킷,Jody Scheckter,Wolf Ford,1:57:52,76,1977
1977-06-05,유럽,벨기에,졸더르 서킷,Gunnar Nilsson,Lotus Ford,1:55:05,70,1977
1977-06-19,유럽,스웨덴,스칸디나비안 레이스웨이,Jacques Laffite,Ligier Matra,1:46:55,72,1977
1977-07-03,유럽,프랑스,디종-프레누아 서킷,Mario Andretti,Lotus Ford,1:39:40,80,1977
1977-07-16,유럽,영국,실버스톤 서킷,James Hunt,McLaren Ford,1:31:46,68,1977
1977-07-31,유럽,독일,호켄하임링,Niki Lauda,Ferrari,1:31:48,47,1977
1977-08-14,유럽,오스트리아,레드불 링,Alan Jones,Shadow Ford,1:37:16,54,1977
1977-08-28,유럽,네덜란드,서킷 잔드보르트,Niki Lauda,Ferrari,1:41:45,75,1977
1977-09-11,유럽,이탈리아,몬차 서킷,Mario Andretti,Lotus Ford,1:27:50,52,1977
1977-10-02,북아메리카,미국,왓킨스 글렌 인터내셔널,James Hunt,McLaren Ford,1:58:23,59,1977
1977-10-09,북아메리카,캐나다,모스포트 인터내셔널 레이스웨이,Jody Scheckter,Wolf Ford,1:40:00,80,1977
1977-10-23,아시아,Japan,후지 스피드웨이,James Hunt,McLaren Ford,1:31:51,73,1977
1978-01-15,남아메리카,아르헨티나,부에노스아이레스 서킷,Mario Andretti,Lotus Ford,1:37:04,52,1978
1978-01-29,남아메리카,브라질,자카레파과 서킷,Carlos Reutemann,Ferrari,1:49:59,63,1978
1978-03-04,아프리카,남아프리카 공화국,키알라미 그랑프리 서킷,Ronnie Peterson,Lotus Ford,1:42:15,78,1978
1978-04-02,북아메리카,미국,롱비치 시가지 서킷,Carlos Reutemann,Ferrari,1:52:01,80,1978
1978-05-07,유럽,모나코,모나코 서킷,Patrick Depailler,Tyrrell Ford,1:55:14,75,1978
1978-05-21,유럽,벨기에,졸더르 서킷,Mario Andretti,Lotus Ford,1:39:52,70,1978
1978-06-04,유럽,스페인,하라마 서킷,Mario Andretti,Lotus Ford,1:41:47,75,1978
1978-06-17,유럽,스웨덴,스칸디나비안 레이스웨이,Niki Lauda,Brabham Alfa Romeo,1:41:00,70,1978
1978-07-02,유럽,프랑스,서킷 폴 리카르,Mario Andretti,Lotus Ford,1:38:51,54,1978
1978-07-16,유럽,영국,브랜즈 해치,Carlos Reutemann,Ferrari,1:42:12,76,1978
1978-07-30,유럽,독일,호켄하임링,Mario Andretti,Lotus Ford,1:28:00,45,1978
1978-08-13,유럽,오스트리아,레드불 링,Ronnie Peterson,Lotus Ford,1:41:21,54,1978
1978-08-27,유럽,네덜란드,서킷 잔드보르트,Mario Andretti,Lotus Ford,1:41:04,75,1978
1978-09-10,유럽,이탈리아,몬차 서킷,Niki Lauda,Brabham Alfa Romeo,1:07:04,40,1978
1978-10-01,북아메리카,미국,왓킨스 글렌 인터내셔널,Carlos Reutemann,Ferrari,1:40:48,59,1978
1978-10-08,북아메리카,캐나다,서킷 질 빌뇌브,Gilles Villeneuve,Ferrari,1:57:49,70,1978
1979-01-21,남아메리카,아르헨티나,부에노스아이레스 서킷,Jacques Laffite,Ligier Ford,1:36:03,53,1979
1979-02-04,남아메리카,브라질,인터라고스 서킷,Jacques Laffite,Ligier Ford,1:40:09,40,1979
1979-03-03,아프리카,남아프리카 공화국,키알라미 그랑프리 서킷,Gilles Villeneuve,Ferrari,1:41:49,78,1979
1979-04-08,북아메리카,미국,롱비치 시가지 서킷,Gilles Villeneuve,Ferrari,1:50:25,80,1979
1979-04-29,유럽,스페인,하라마 서킷,Patrick Depailler,Ligier Ford,1:39:11,75,1979
1979-05-13,유럽,벨기에,졸더르 서킷,Jody Scheckter,Ferrari,1:39:59,70,1979
1979-05-27,유럽,모나코,모나코 서킷,Jody Scheckter,Ferrari,1:55:22,76,1979
1979-07-01,유럽,프랑스,디종-프레누아 서킷,Jean-Pierre Jabouille,Renault,1:35:20,80,1979
1979-07-14,유럽,영국,실버스톤 서킷,Clay Regazzoni,Williams Ford,1:26:11,68,1979
1979-07-29,유럽,독일,호켄하임링,Alan Jones,Williams Ford,1:24:48,45,1979
1979-08-12,유럽,오스트리아,레드불 링,Alan Jones,Williams Ford,1:27:38,54,1979
1979-08-26,유럽,네덜란드,서킷 잔드보르트,Alan Jones,Williams Ford,1:41:19,75,1979
1979-09-09,유럽,이탈리아,몬차 서킷,Jody Scheckter,Ferrari,1:22:00,50,1979
1979-09-30,북아메리카,캐나다,서킷 질 빌뇌브,Alan Jones,Williams Ford,1:52:06,72,1979
1979-10-07,북아메리카,미국,왓킨스 글렌 인터내셔널,Gilles Villeneuve,Ferrari,1:52:17,59,1979
1980-01-13,남아메리카,아르헨티나,부에노스아이레스 서킷,Alan Jones,Williams Ford,1:43:24,53,1980
1980-01-27,남아메리카,브라질,인터라고스 서킷,Rene Arnoux,Renault,1:40:01,40,1980
1980-03-01,아프리카,남아프리카 공화국,키알라미 그랑프리 서킷,Rene Arnoux,Renault,1:36:52,78,1980
1980-03-30,북아메리카,미국,왓킨스 글렌 인터내셔널,Nelson Piquet,Brabham Ford,1:50:18,80,1980
1980-05-04,유럽,벨기에,졸더르 서킷,Didier Pironi,Ligier Ford,1:38:46,72,1980
1980-05-18,유럽,모나코,모나코 서킷,Carlos Reutemann,Williams Ford,1:55:34,76,1980
1980-06-29,유럽,프랑스,서킷 폴 리카르,Alan Jones,Williams Ford,1:32:43,54,1980
1980-07-13,유럽,영국,브랜즈 해치,Alan Jones,Williams Ford,1:34:49,76,1980
1980-08-10,유럽,독일,호켄하임링,Jacques Laffite,Ligier Ford,1:22:59,45,1980
1980-08-17,유럽,오스트리아,레드불 링,Jean-Pierre Jabouille,Renault,1:26:15,54,1980
1980-08-31,유럽,네덜란드,서킷 잔드보르트,Nelson Piquet,Brabham Ford,1:38:13,72,1980
1980-09-14,유럽,이탈리아,이몰라 서킷,Nelson Piquet,Brabham Ford,1:38:07,60,1980
1980-09-28,북아메리카,캐나다,서킷 질 빌뇌브,Alan Jones,Williams Ford,1:46:45,70,1980
1980-10-05,북아메리카,미국,왓킨스 글렌 인터내셔널,Alan Jones,Williams Ford,1:34:36,59,1980
1981-03-15,북아메리카,미국,롱비치 시가지 서킷,Alan Jones,Williams Ford,1:50:41,80,1981
1981-03-29,남아메리카,브라질,자카레파과 서킷,Carlos Reutemann,Williams Ford,2:00:23,62,1981
1981-04-12,남아메리카,아르헨티나,부에노스아이레스 서킷,Nelson Piquet,Brabham Ford,1:34:32,53,1981
1981-05-03,유럽,산마리노,이몰라 서킷,Nelson Piquet,Brabham Ford,1:51:23,60,1981
1981-05-17,유럽,벨기에,졸더르 서킷,Carlos Reutemann,Williams Ford,1:16:31,54,1981
1981-05-31,유럽,모나코,모나코 서킷,Gilles Villeneuve,Ferrari,1:54:23,76,1981
1981-06-21,유럽,스페인,하라마 서킷,Gilles Villeneuve,Ferrari,1:46:35,80,1981
1981-07-05,유럽,프랑스,디종-프레누아 서킷,Alain Prost,Renault,1:35:48,80,1981
1981-07-18,유럽,영국,실버스톤 서킷,John Watson,McLaren Ford,1:26:54,68,1981
1981-08-02,유럽,독일,호켄하임링,Nelson Piquet,Brabham Ford,1:25:55,45,1981
1981-08-16,유럽,오스트리아,레드불 링,Jacques Laffite,Ligier Matra,1:27:36,53,1981
1981-08-30,유럽,네덜란드,서킷 잔드보르트,Alain Prost,Renault,1:40:22,72,1981
1981-09-13,유럽,이탈리아,몬차 서킷,Alain Prost,Renault,1:26:33,52,1981
1981-09-27,북아메리카,캐나다,서킷 질 빌뇌브,Jacques Laffite,Ligier Matra,2:01:25,63,1981
1981-10-17,북아메리카,미국,롱비치 시가지 서킷,Alan Jones,Williams Ford,1:44:09,75,1981
1982-01-23,아프리카,남아프리카 공화국,키알라미 그랑프리 서킷,Alain Prost,Renault,1:32:08,77,1982
1982-03-21,남아메리카,브라질,자카레파과 서킷,Alain Prost,Renault,1:44:33,63,1982
1982-04-04,북아메리카,미국,롱비치 시가지 서킷,Niki Lauda,McLaren Ford,1:58:25,75,1982
1982-04-25,유럽,산마리노,이몰라 서킷,Didier Pironi,Ferrari,1:36:38,60,1982
1982-05-09,유럽,벨기에,졸더르 서킷,John Watson,McLaren Ford,1:35:41,70,1982
1982-05-23,유럽,모나코,모나코 서킷,Riccardo Patrese,Brabham Ford,1:54:11,76,1982
1982-06-06,북아메리카,미국,디트로이트 시가지 서킷,John Watson,McLaren Ford,1:58:41,62,1982
1982-06-13,북아메리카,캐나다,서킷 질 빌뇌브,Nelson Piquet,Brabham BMW,1:46:39,70,1982
1982-07-03,유럽,네덜란드,서킷 잔드보르트,Didier Pironi,Ferrari,1:38:03,72,1982
1982-07-18,유럽,영국,브랜즈 해치,Niki Lauda,McLaren Ford,1:35:33,76,1982
1982-07-25,유럽,프랑스,서킷 폴 리카르,Rene Arnoux,Renault,1:33:33,54,1982
1982-08-08,유럽,독일,호켄하임링,Patrick Tambay,Ferrari,1:27:25,45,1982
1982-08-15,유럽,오스트리아,레드불 링,Elio de Angelis,Lotus Ford,1:25:02,53,1982
1982-08-29,유럽,스위스,브렘가르텐 서킷,Keke Rosberg,Williams Ford,1:32:41,80,1982
1982-09-12,유럽,이탈리아,몬차 서킷,Rene Arnoux,Renault,1:22:25,52,1982
1982-09-25,북아메리카,미국,시저스 팰리스 그랑프리 서킷,Michele Alboreto,Tyrrell Ford,1:41:56,75,1982
1983-03-13,남아메리카,브라질,자카레파과 서킷,Nelson Piquet,Brabham BMW,1:48:27,63,1983
1983-03-27,북아메리카,미국,롱비치 시가지 서킷,John Watson,McLaren Ford,1:53:34,75,1983
1983-04-17,유럽,프랑스,서킷 폴 리카르,Alain Prost,Renault,1:34:13,54,1983
1983-05-01,유럽,산마리노,이몰라 서킷,Patrick Tambay,Ferrari,1:37:52,60,1983
1983-05-15,유럽,모나코,모나코 서킷,Keke Rosberg,Williams Ford,1:56:38,76,1983
1983-05-22,유럽,벨기에,스파 서킷,Alain Prost,Renault,1:27:11,40,1983
1983-06-05,북아메리카,미국,디트로이트 시가지 서킷,Michele Alboreto,Tyrrell Ford,1:50:53,60,1983
1983-06-12,북아메리카,캐나다,서킷 질 빌뇌브,Rene Arnoux,Ferrari,1:48:31,70,1983
1983-07-16,유럽,영국,브랜즈 해치,Alain Prost,Renault,1:24:39,67,1983
1983-08-07,유럽,독일,호켄하임링,Rene Arnoux,Ferrari,1:27:10,45,1983
1983-08-14,유럽,오스트리아,레드불 링,Alain Prost,Renault,1:24:32,53,1983
1983-08-28,유럽,네덜란드,서킷 잔드보르트,Rene Arnoux,Ferrari,1:38:41,72,1983
1983-09-11,유럽,이탈리아,몬차 서킷,Nelson Piquet,Brabham BMW,1:23:10,52,1983
1983-09-25,유럽,영국,브랜즈 해치,Nelson Piquet,Brabham BMW,1:36:45,76,1983
1983-10-15,아프리카,남아프리카 공화국,키알라미 그랑프리 서킷,Riccardo Patrese,Brabham BMW,1:33:25,77,1983
1984-03-25,남아메리카,브라질,자카레파과 서킷,Alain Prost,McLaren TAG,1:42:34,61,1984
1984-04-07,아프리카,남아프리카 공화국,키알라미 그랑프리 서킷,Niki Lauda,McLaren TAG,1:29:23,75,1984
1984-04-29,유럽,벨기에,졸더르 서킷,Michele Alboreto,Ferrari,1:36:32,70,1984
1984-05-06,유럽,산마리노,이몰라 서킷,Alain Prost,McLaren TAG,1:36:53,60,1984
1984-05-20,유럽,프랑스,디종-프레누아 서킷,Niki Lauda,McLaren TAG,1:31:11,79,1984
1984-06-03,유럽,모나코,모나코 서킷,Alain Prost,McLaren TAG,1:01:07,31,1984
1984-06-17,북아메리카,캐나다,서킷 질 빌뇌브,Nelson Piquet,Brabham BMW,1:46:23,70,1984
1984-06-24,북아메리카,미국,디트로이트 시가지 서킷,Nelson Piquet,Brabham BMW,1:55:41,63,1984
1984-07-08,북아메리카,미국,댈러스 페어 파크 서킷,Keke Rosberg,Williams Honda,2:01:22,67,1984
1984-07-22,유럽,영국,브랜즈 해치,Niki Lauda,McLaren TAG,1:29:28,71,1984
1984-08-05,유럽,독일,호켄하임링,Alain Prost,McLaren TAG,1:24:43,44,1984
1984-08-19,유럽,오스트리아,레드불 링,Niki Lauda,McLaren TAG,1:21:12,51,1984
1984-08-26,유럽,네덜란드,서킷 잔드보르트,Alain Prost,McLaren TAG,1:37:21,71,1984
1984-09-09,유럽,이탈리아,몬차 서킷,Niki Lauda,McLaren TAG,1:20:29,51,1984
1984-10-07,유럽,독일,뉘르부르크링,Alain Prost,McLaren TAG,1:35:13,67,1984
1984-10-21,유럽,포르투갈,에스토릴 서킷,Alain Prost,McLaren TAG,1:41:11,70,1984
1985-04-07,남아메리카,브라질,자카레파과 서킷,Alain Prost,McLaren TAG,1:41:26,61,1985
1985-04-21,유럽,포르투갈,에스토릴 서킷,Ayrton Senna,Lotus Renault,2:00:28,67,1985
1985-05-05,유럽,산마리노,이몰라 서킷,Elio de Angelis,Lotus Renault,1:34:35,60,1985
1985-05-19,유럽,모나코,모나코 서킷,Alain Prost,McLaren TAG,1:51:58,78,1985
1985-06-16,북아메리카,캐나다,서킷 질 빌뇌브,Michele Alboreto,Ferrari,1:46:01,70,1985
1985-06-23,북아메리카,미국,디트로이트 시가지 서킷,Keke Rosberg,Williams Honda,1:55:39,63,1985
1985-07-07,유럽,프랑스,서킷 폴 리카르,Nelson Piquet,Brabham BMW,1:31:46,53,1985
1985-07-21,유럽,영국,브랜즈 해치,Alain Prost,McLaren TAG,1:18:10,65,1985
1985-08-04,유럽,독일,뉘르부르크링,Michele Alboreto,Ferrari,1:35:31,67,1985
1985-08-18,유럽,오스트리아,레드불 링,Alain Prost,McLaren TAG,1:20:12,52,1985
1985-08-25,유럽,네덜란드,서킷 잔드보르트,Niki Lauda,McLaren TAG,1:32:29,70,1985
1985-09-08,유럽,이탈리아,몬차 서킷,Alain Prost,McLaren TAG,1:17:59,51,1985
1985-09-15,유럽,벨기에,스파 서킷,Ayrton Senna,Lotus Renault,1:34:19,43,1985
1985-10-06,유럽,영국,브랜즈 해치,Nigel Mansell,Williams Honda,1:32:58,75,1985
1985-10-19,아프리카,남아프리카 공화국,키알라미 그랑프리 서킷,Nigel Mansell,Williams Honda,1:28:22,75,1985
1985-11-03,오세아니아,호주,애들레이드 시가지 서킷,Keke Rosberg,Williams Honda,2:00:40,82,1985
1986-03-23,남아메리카,브라질,자카레파과 서킷,Nelson Piquet,Williams Honda,1:39:32,61,1986
1986-04-13,유럽,스페인,헤레즈 서킷,Ayrton Senna,Lotus Renault,1:48:47,72,1986
1986-04-27,유럽,산마리노,이몰라 서킷,Alain Prost,McLaren TAG,1:32:28,60,1986
1986-05-11,유럽,모나코,모나코 서킷,Alain Prost,McLaren TAG,1:55:41,78,1986
1986-05-25,유럽,벨기에,스파 서킷,Nigel Mansell,Williams Honda,1:27:57,43,1986
1986-06-15,북아메리카,캐나다,서킷 질 빌뇌브,Nigel Mansell,Williams Honda,1:42:26,69,1986
1986-06-22,북아메리카,미국,디트로이트 시가지 서킷,Ayrton Senna,Lotus Renault,1:51:12,63,1986
1986-07-06,유럽,프랑스,서킷 폴 리카르,Nigel Mansell,Williams Honda,1:37:19,80,1986
1986-07-13,유럽,영국,브랜즈 해치,Nigel Mansell,Williams Honda,1:30:38,75,1986
1986-07-27,유럽,독일,호켄하임링,Nelson Piquet,Williams Honda,1:22:08,44,1986
1986-08-10,유럽,헝가리,헝가로링,Nelson Piquet,Williams Honda,2:00:34,76,1986
1986-08-17,유럽,오스트리아,레드불 링,Alain Prost,McLaren TAG,1:21:22,52,1986
1986-09-07,유럽,이탈리아,몬차 서킷,Nelson Piquet,Williams Honda,1:17:42,51,1986
1986-09-21,유럽,포르투갈,에스토릴 서킷,Nigel Mansell,Williams Honda,1:37:21,70,1986
1986-10-12,북아메리카,멕시코,아우토드로모 에르마노스 로드리게스,Gerhard Berger,Benetton BMW,1:33:18,68,1986
1986-10-26,오세아니아,호주,애들레이드 시가지 서킷,Alain Prost,McLaren TAG,1:54:20,82,1986
1987-04-12,남아메리카,브라질,자카레파과 서킷,Alain Prost,McLaren TAG,1:39:45,61,1987
1987-05-03,유럽,산마리노,이몰라 서킷,Nigel Mansell,Williams Honda,1:31:24,59,1987
1987-05-17,유럽,벨기에,스파 서킷,Alain Prost,McLaren TAG,1:27:03,43,1987
1987-05-31,유럽,모나코,모나코 서킷,Ayrton Senna,Lotus Honda,1:57:54,78,1987
1987-06-21,북아메리카,미국,디트로이트 시가지 서킷,Ayrton Senna,Lotus Honda,1:50:16,63,1987
1987-07-05,유럽,프랑스,서킷 폴 리카르,Nigel Mansell,Williams Honda,1:37:03,80,1987
1987-07-12,유럽,영국,실버스톤 서킷,Nigel Mansell,Williams Honda,1:19:11,65,1987
1987-07-26,유럽,독일,호켄하임링,Nelson Piquet,Williams Honda,1:21:25,44,1987
1987-08-09,유럽,헝가리,헝가로링,Nelson Piquet,Williams Honda,1:59:26,76,1987
1987-08-16,유럽,오스트리아,레드불 링,Nigel Mansell,Williams Honda,1:18:44,52,1987
1987-09-06,유럽,이탈리아,몬차 서킷,Nelson Piquet,Williams Honda,1:14:47,50,1987
1987-09-20,유럽,포르투갈,에스토릴 서킷,Alain Prost,McLaren TAG,1:37:03,70,1987
1987-09-27,유럽,스페인,헤레즈 서킷,Nigel Mansell,Williams Honda,1:49:12,72,1987
1987-10-18,북아메리카,멕시코,아우토드로모 에르마노스 로드리게스,Nigel Mansell,Williams Honda,1:26:24,63,1987
1987-11-01,아시아,일본,스즈카 서킷,Gerhard Berger,Ferrari,1:32:58,51,1987
1987-11-15,오세아니아,호주,애들레이드 시가지 서킷,Gerhard Berger,Ferrari,1:52:56,82,1987
1988-04-03,남아메리카,브라질,자카레파과 서킷,Alain Prost,McLaren Honda,1:36:06,60,1988
1988-05-01,유럽,산마리노,이몰라 서킷,Ayrton Senna,McLaren Honda,1:32:41,60,1988
1988-05-15,유럽,모나코,모나코 서킷,Alain Prost,McLaren Honda,1:57:17,78,1988
1988-05-29,북아메리카,멕시코,아우토드로모 에르마노스 로드리게스,Alain Prost,McLaren Honda,1:30:15,67,1988
1988-06-12,북아메리카,캐나다,서킷 질 빌뇌브,Ayrton Senna,McLaren Honda,1:39:46,69,1988
1988-06-19,북아메리카,미국,디트로이트 시가지 서킷,Ayrton Senna,McLaren Honda,1:54:56,63,1988
1988-07-03,유럽,프랑스,서킷 폴 리카르,Alain Prost,McLaren Honda,1:37:37,80,1988
1988-07-10,유럽,영국,실버스톤 서킷,Ayrton Senna,McLaren Honda,1:33:16,65,1988
1988-07-24,유럽,독일,호켄하임링,Ayrton Senna,McLaren Honda,1:32:54,44,1988
1988-08-07,유럽,헝가리,헝가로링,Ayrton Senna,McLaren Honda,1:57:47,76,1988
1988-08-28,유럽,벨기에,스파 서킷,Ayrton Senna,McLaren Honda,1:28:00,43,1988
1988-09-11,유럽,이탈리아,몬차 서킷,Gerhard Berger,Ferrari,1:17:39,51,1988
1988-09-25,유럽,포르투갈,에스토릴 서킷,Alain Prost,McLaren Honda,1:37:40,70,1988
1988-10-02,유럽,스페인,헤레즈 서킷,Alain Prost,McLaren Honda,1:48:43,72,1988
1988-10-30,아시아,일본,스즈카 서킷,Ayrton Senna,McLaren Honda,1:33:26,51,1988
1988-11-13,오세아니아,호주,애들레이드 시가지 서킷,Alain Prost,McLaren Honda,1:53:14,82,1988
1989-03-26,남아메리카,브라질,자카레파과 서킷,Nigel Mansell,Ferrari,1:38:58,61,1989
1989-04-23,유럽,산마리노,이몰라 서킷,Ayrton Senna,McLaren Honda,1:26:51,58,1989
1989-05-07,유럽,모나코,모나코 서킷,Ayrton Senna,McLaren Honda,1:53:33,77,1989
1989-05-28,북아메리카,멕시코,아우토드로모 에르마노스 로드리게스,Ayrton Senna,McLaren Honda,1:35:21,69,1989
1989-06-04,북아메리카,미국,피닉스 시가지 서킷,Alain Prost,McLaren Honda,2:01:33,75,1989
1989-06-18,북아메리카,캐나다,서킷 질 빌뇌브,Thierry Boutsen,Williams Renault,2:01:24,69,1989
1989-07-09,유럽,프랑스,서킷 폴 리카르,Alain Prost,McLaren Honda,1:38:29,80,1989
1989-07-16,유럽,영국,실버스톤 서킷,Alain Prost,McLaren Honda,1:19:22,64,1989
1989-07-30,유럽,독일,호켄하임링,Ayrton Senna,McLaren Honda,1:21:43,45,1989
1989-08-13,유럽,헝가리,헝가로링,Nigel Mansell,Ferrari,1:49:38,77,1989
1989-08-27,유럽,벨기에,스파 서킷,Ayrton Senna,McLaren Honda,1:40:54,44,1989
1989-09-10,유럽,이탈리아,몬차 서킷,Alain Prost,McLaren Honda,1:19:27,53,1989
1989-09-24,유럽,포르투갈,에스토릴 서킷,Gerhard Berger,Ferrari,1:36:48,71,1989
1989-10-01,유럽,스페인,헤레즈 서킷,Ayrton Senna,McLaren Honda,1:47:48,72,1989
1989-10-22,아시아,일본,스즈카 서킷,Alessandro Nannini,Benetton Ford,1:35:06,53,1989
1989-11-05,오세아니아,호주,애들레이드 시가지 서킷,Thierry Boutsen,Williams Renault,2:00:17,70,1989
1990-03-11,북아메리카,미국,피닉스 시가지 서킷,Ayrton Senna,McLaren Honda,1:52:32,72,1990
1990-03-25,남아메리카,브라질,인터라고스 서킷,Alain Prost,Ferrari,1:37:21,71,1990
1990-05-13,유럽,산마리노,이몰라 서킷,Riccardo Patrese,Williams Renault,1:30:55,61,1990
1990-05-27,유럽,모나코,모나코 서킷,Ayrton Senna,McLaren Honda,1:52:46,78,1990
1990-06-10,북아메리카,캐나다,서킷 질 빌뇌브,Ayrton Senna,McLaren Honda,1:42:56,70,1990
1990-06-24,북아메리카,멕시코,아우토드로모 에르마노스 로드리게스,Alain Prost,Ferrari,1:32:35,69,1990
1990-07-08,유럽,프랑스,서킷 폴 리카르,Alain Prost,Ferrari,1:33:29,80,1990
1990-07-15,유럽,영국,실버스톤 서킷,Alain Prost,Ferrari,1:18:30,64,1990
1990-07-29,유럽,독일,호켄하임링,Ayrton Senna,McLaren Honda,1:20:47,45,1990
1990-08-12,유럽,헝가리,헝가로링,Thierry Boutsen,Williams Renault,1:49:30,77,1990
1990-08-26,유럽,벨기에,스파 서킷,Ayrton Senna,McLaren Honda,1:26:31,44,1990
1990-09-09,유럽,이탈리아,몬차 서킷,Ayrton Senna,McLaren Honda,1:17:57,53,1990
1990-09-23,유럽,포르투갈,에스토릴 서킷,Nigel Mansell,Ferrari,1:22:11,61,1990
1990-09-30,유럽,스페인,헤레즈 서킷,Alain Prost,Ferrari,1:48:01,73,1990
1990-10-21,아시아,일본,스즈카 서킷,Nelson Piquet,Benetton Ford,1:34:36,53,1990
1990-11-04,오세아니아,호주,애들레이드 시가지 서킷,Nelson Piquet,Benetton Ford,1:49:44,81,1990
1991-03-10,북아메리카,미국,피닉스 시가지 서킷,Ayrton Senna,McLaren Honda,2:00:47,81,1991
1991-03-24,남아메리카,브라질,인터라고스 서킷,Ayrton Senna,McLaren Honda,1:38:28,71,1991
1991-04-28,유럽,산마리노,이몰라 서킷,Ayrton Senna,McLaren Honda,1:35:14,61,1991
1991-05-12,유럽,모나코,모나코 서킷,Ayrton Senna,McLaren Honda,1:53:02,78,1991
1991-06-02,북아메리카,캐나다,서킷 질 빌뇌브,Nelson Piquet,Benetton Ford,1:38:51,69,1991
1991-06-16,북아메리카,멕시코,아우토드로모 에르마노스 로드리게스,Riccardo Patrese,Williams Renault,1:29:52,67,1991
1991-07-07,유럽,프랑스,마니쿠르 서킷,Nigel Mansell,Williams Renault,1:38:00,72,1991
1991-07-14,유럽,영국,실버스톤 서킷,Nigel Mansell,Williams Renault,1:27:35,59,1991
1991-07-28,유럽,독일,호켄하임링,Nigel Mansell,Williams Renault,1:19:29,45,1991
1991-08-11,유럽,헝가리,헝가로링,Ayrton Senna,McLaren Honda,1:49:12,77,1991
1991-08-25,유럽,벨기에,스파 서킷,Ayrton Senna,McLaren Honda,1:27:17,44,1991
1991-09-08,유럽,이탈리아,몬차 서킷,Nigel Mansell,Williams Renault,1:17:54,53,1991
1991-09-22,유럽,포르투갈,에스토릴 서킷,Riccardo Patrese,Williams Renault,1:35:42,71,1991
1991-09-29,유럽,스페인,카탈루냐 서킷,Nigel Mansell,Williams Renault,1:38:41,65,1991
1991-10-20,아시아,일본,스즈카 서킷,Gerhard Berger,McLaren Honda,1:32:10,53,1991
1991-11-03,오세아니아,호주,애들레이드 시가지 서킷,Ayrton Senna,McLaren Honda,0:24:34,14,1991
1992-03-01,아프리카,남아프리카 공화국,키알라미 그랑프리 서킷,Nigel Mansell,Williams Renault,1:36:45,72,1992
1992-03-22,북아메리카,멕시코,아우토드로모 에르마노스 로드리게스,Nigel Mansell,Williams Renault,1:31:53,69,1992
1992-04-05,남아메리카,브라질,인터라고스 서킷,Nigel Mansell,Williams Renault,1:36:51,71,1992
1992-05-03,유럽,스페인,카탈루냐 서킷,Nigel Mansell,Williams Renault,1:56:10,65,1992
1992-05-17,유럽,산마리노,이몰라 서킷,Nigel Mansell,Williams Renault,1:28:40,60,1992
1992-05-31,유럽,모나코,모나코 서킷,Ayrton Senna,McLaren Honda,1:50:59,78,1992
1992-06-14,북아메리카,캐나다,서킷 질 빌뇌브,Gerhard Berger,McLaren Honda,1:37:08,69,1992
1992-07-05,유럽,프랑스,마니쿠르 서킷,Nigel Mansell,Williams Renault,1:38:08,69,1992
1992-07-12,유럽,영국,실버스톤 서킷,Nigel Mansell,Williams Renault,1:25:42,59,1992
1992-07-26,유럽,독일,호켄하임링,Nigel Mansell,Williams Renault,1:18:22,45,1992
1992-08-16,유럽,헝가리,헝가로링,Ayrton Senna,McLaren Honda,1:46:19,77,1992
1992-08-30,유럽,벨기에,스파 서킷,Michael Schumacher,Benetton Ford,1:36:10,44,1992
1992-09-13,유럽,이탈리아,몬차 서킷,Ayrton Senna,McLaren Honda,1:18:15,53,1992
1992-09-27,유럽,포르투갈,에스토릴 서킷,Nigel Mansell,Williams Renault,1:34:46,71,1992
1992-10-25,아시아,일본,스즈카 서킷,Riccardo Patrese,Williams Renault,1:33:09,53,1992
1992-11-08,오세아니아,호주,애들레이드 시가지 서킷,Gerhard Berger,McLaren Honda,1:46:54,82,1992
1993-03-14,아프리카,남아프리카 공화국,키알라미 그랑프리 서킷,Alain Prost,Williams Renault,1:38:45,72,1993
1993-03-28,남아메리카,브라질,인터라고스 서킷,Ayrton Senna,McLaren Ford,1:51:15,71,1993
1993-04-11,유럽,영국,실버스톤 서킷,Ayrton Senna,McLaren Ford,1:50:46,76,1993
1993-04-25,유럽,산마리노,이몰라 서킷,Alain Prost,Williams Renault,1:33:20,61,1993
1993-05-09,유럽,스페인,카탈루냐 서킷,Alain Prost,Williams Renault,1:32:27,65,1993
1993-05-23,유럽,모나코,모나코 서킷,Ayrton Senna,McLaren Ford,1:52:10,78,1993
1993-06-13,북아메리카,캐나다,서킷 질 빌뇌브,Alain Prost,Williams Renault,1:36:41,69,1993
1993-07-04,유럽,프랑스,마니쿠르 서킷,Alain Prost,Williams Renault,1:38:35,72,1993
1993-07-11,유럽,영국,실버스톤 서킷,Alain Prost,Williams Renault,1:25:38,59,1993
1993-07-25,유럽,독일,호켄하임링,Alain Prost,Williams Renault,1:18:40,45,1993
1993-08-15,유럽,헝가리,헝가로링,Damon Hill,Williams Renault,1:47:39,77,1993
1993-08-29,유럽,벨기에,스파 서킷,Damon Hill,Williams Renault,1:24:32,44,1993
1993-09-12,유럽,이탈리아,몬차 서킷,Damon Hill,Williams Renault,1:17:07,53,1993
1993-09-26,유럽,포르투갈,에스토릴 서킷,Michael Schumacher,Benetton Ford,1:32:46,71,1993
1993-10-24,아시아,일본,스즈카 서킷,Ayrton Senna,McLaren Ford,1:40:27,53,1993
1993-11-07,오세아니아,호주,애들레이드 시가지 서킷,Ayrton Senna,McLaren Ford,1:43:27,79,1993
1994-03-27,남아메리카,브라질,인터라고스 서킷,Michael Schumacher,Benetton Ford,1:35:38,71,1994
1994-04-17,아시아,일본,TI 서킷 아이다,Michael Schumacher,Benetton Ford,1:46:01,83,1994
1994-05-01,유럽,산마리노,이몰라 서킷,Michael Schumacher,Benetton Ford,1:28:28,58,1994
1994-05-15,유럽,모나코,모나코 서킷,Michael Schumacher,Benetton Ford,1:49:55,78,1994
1994-05-29,유럽,스페인,카탈루냐 서킷,Damon Hill,Williams Renault,1:36:14,65,1994
1994-06-12,북아메리카,캐나다,서킷 질 빌뇌브,Michael Schumacher,Benetton Ford,1:44:31,69,1994
1994-07-03,유럽,프랑스,마니쿠르 서킷,Michael Schumacher,Benetton Ford,1:38:35,72,1994
1994-07-10,유럽,영국,실버스톤 서킷,Damon Hill,Williams Renault,1:30:03,60,1994
1994-07-31,유럽,독일,호켄하임링,Gerhard Berger,Ferrari,1:22:37,45,1994
1994-08-14,유럽,헝가리,헝가로링,Michael Schumacher,Benetton Ford,1:48:00,77,1994
1994-08-28,유럽,벨기에,스파 서킷,Damon Hill,Williams Renault,1:28:47,44,1994
1994-09-11,유럽,이탈리아,몬차 서킷,Damon Hill,Williams Renault,1:18:02,53,1994
1994-09-25,유럽,포르투갈,에스토릴 서킷,Damon Hill,Williams Renault,1:41:10,71,1994
1994-10-16,유럽,스페인,카탈루냐 서킷,Michael Schumacher,Benetton Ford,1:40:26,69,1994
1994-11-06,아시아,일본,스즈카 서킷,Damon Hill,Williams Renault,1:55:53,50,1994
1994-11-13,오세아니아,호주,애들레이드 시가지 서킷,Nigel Mansell,Williams Renault,1:47:51,81,1994
1995-03-26,남아메리카,브라질,인터라고스 서킷,Michael Schumacher,Benetton Renault,1:38:34,71,1995
1995-04-09,남아메리카,아르헨티나,부에노스아이레스 서킷,Damon Hill,Williams Renault,1:51:39,71,1995
1995-04-30,유럽,산마리노,이몰라 서킷,Damon Hill,Williams Renault,1:41:42,63,1995
1995-05-14,유럽,스페인,카탈루냐 서킷,Michael Schumacher,Benetton Renault,1:34:20,65,1995
1995-05-28,유럽,모나코,모나코 서킷,Michael Schumacher,Benetton Renault,1:53:11,78,1995
1995-06-11,북아메리카,캐나다,서킷 질 빌뇌브,Jean Alesi,Ferrari,1:46:31,69,1995
1995-07-02,유럽,프랑스,마니쿠르 서킷,Michael Schumacher,Benetton Renault,1:38:28,72,1995
1995-07-16,유럽,영국,실버스톤 서킷,Johnny Herbert,Benetton Renault,1:34:35,61,1995
1995-07-30,유럽,독일,호켄하임링,Michael Schumacher,Benetton Renault,1:22:56,45,1995
1995-08-13,유럽,헝가리,헝가로링,Damon Hill,Williams Renault,1:46:25,77,1995
1995-08-27,유럽,벨기에,스파 서킷,Michael Schumacher,Benetton Renault,1:36:47,44,1995
1995-09-10,유럽,이탈리아,몬차 서킷,Johnny Herbert,Benetton Renault,1:18:27,53,1995
1995-09-24,유럽,포르투갈,에스토릴 서킷,David Coulthard,Williams Renault,1:41:52,71,1995
1995-10-01,유럽,독일,뉘르부르크링,Michael Schumacher,Benetton Renault,1:39:59,67,1995
1995-10-22,아시아,일본,TI 서킷 아이다,Michael Schumacher,Benetton Renault,1:48:49,83,1995
1995-10-29,아시아,일본,스즈카 서킷,Michael Schumacher,Benetton Renault,1:36:52,53,1995
1995-11-12,오세아니아,호주,애들레이드 시가지 서킷,Damon Hill,Williams Renault,1:49:15,81,1995
1996-03-10,오세아니아,호주,앨버트 파크 서킷,Damon Hill,Williams Renault,1:32:50,58,1996
1996-03-31,남아메리카,브라질,인터라고스 서킷,Damon Hill,Williams Renault,1:49:52,71,1996
1996-04-07,남아메리카,아르헨티나,부에노스아이레스 서킷,Damon Hill,Williams Renault,1:54:55,72,1996
1996-04-28,유럽,독일,뉘르부르크링,Jacques Villeneuve,Williams Renault,1:33:26,67,1996
1996-05-05,유럽,산마리노,이몰라 서킷,Damon Hill,Williams Renault,1:35:26,63,1996
1996-05-19,유럽,모나코,모나코 서킷,Olivier Panis,Ligier Mugen Honda,2:00:45,75,1996
1996-06-02,유럽,스페인,카탈루냐 서킷,Michael Schumacher,Ferrari,1:59:49,65,1996
1996-06-16,북아메리카,캐나다,서킷 질 빌뇌브,Damon Hill,Williams Renault,1:36:03,69,1996
1996-06-30,유럽,프랑스,마니쿠르 서킷,Damon Hill,Williams Renault,1:36:28,72,1996
1996-07-14,유럽,영국,실버스톤 서킷,Jacques Villeneuve,Williams Renault,1:33:00,61,1996
1996-07-28,유럽,독일,호켄하임링,Damon Hill,Williams Renault,1:21:43,45,1996
1996-08-11,유럽,헝가리,헝가로링,Jacques Villeneuve,Williams Renault,1:46:21,77,1996
1996-08-25,유럽,벨기에,스파 서킷,Michael Schumacher,Ferrari,1:28:15,44,1996
1996-09-08,유럽,이탈리아,몬차 서킷,Michael Schumacher,Ferrari,1:17:43,53,1996
1996-09-22,유럽,포르투갈,에스토릴 서킷,Jacques Villeneuve,Williams Renault,1:40:22,70,1996
1996-10-13,아시아,일본,스즈카 서킷,Damon Hill,Williams Renault,1:32:33,52,1996
1997-03-09,오세아니아,호주,앨버트 파크 서킷,David Coulthard,McLaren Mercedes,1:30:28,58,1997
1997-03-30,남아메리카,브라질,인터라고스 서킷,Jacques Villeneuve,Williams Renault,1:36:06,72,1997
1997-04-13,남아메리카,아르헨티나,부에노스아이레스 서킷,Jacques Villeneuve,Williams Renault,1:52:01,72,1997
1997-04-27,유럽,산마리노,이몰라 서킷,Heinz-Harald Frentzen,Williams Renault,1:31:00,62,1997
1997-05-11,유럽,모나코,모나코 서킷,Michael Schumacher,Ferrari,2:00:05,62,1997
1997-05-25,유럽,스페인,카탈루냐 서킷,Jacques Villeneuve,Williams Renault,1:30:35,64,1997
1997-06-15,북아메리카,캐나다,서킷 질 빌뇌브,Michael Schumacher,Ferrari,1:17:40,54,1997
1997-06-29,유럽,프랑스,마니쿠르 서킷,Michael Schumacher,Ferrari,1:38:50,72,1997
1997-07-13,유럽,영국,실버스톤 서킷,Jacques Villeneuve,Williams Renault,1:28:01,59,1997
1997-07-27,유럽,독일,호켄하임링,Gerhard Berger,Benetton Renault,1:20:59,45,1997
1997-08-10,유럽,헝가리,헝가로링,Jacques Villeneuve,Williams Renault,1:45:47,77,1997
1997-08-24,유럽,벨기에,스파 서킷,Michael Schumacher,Ferrari,1:33:46,44,1997
1997-09-07,유럽,이탈리아,몬차 서킷,David Coulthard,McLaren Mercedes,1:17:04,53,1997
1997-09-21,유럽,오스트리아,레드불 링,Jacques Villeneuve,Williams Renault,1:27:35,71,1997
1997-09-28,유럽,독일,뉘르부르크링,Jacques Villeneuve,Williams Renault,1:31:27,67,1997
1997-10-12,아시아,일본,스즈카 서킷,Michael Schumacher,Ferrari,1:29:48,53,1997
1997-10-26,유럽,스페인,헤레즈 서킷,Mika Hakkinen,McLaren Mercedes,1:38:57,69,1997
1998-03-08,오세아니아,호주,앨버트 파크 서킷,Mika Hakkinen,McLaren Mercedes,1:31:45,58,1998
1998-03-29,남아메리카,브라질,인터라고스 서킷,Mika Hakkinen,McLaren Mercedes,1:37:11,72,1998
1998-04-12,남아메리카,아르헨티나,부에노스아이레스 서킷,Michael Schumacher,Ferrari,1:48:36,72,1998
1998-04-26,유럽,산마리노,이몰라 서킷,David Coulthard,McLaren Mercedes,1:34:24,62,1998
1998-05-10,유럽,스페인,카탈루냐 서킷,Mika Hakkinen,McLaren Mercedes,1:33:37,65,1998
1998-05-24,유럽,모나코,모나코 서킷,Mika Hakkinen,McLaren Mercedes,1:51:23,78,1998
1998-06-07,북아메리카,캐나다,서킷 질 빌뇌브,Michael Schumacher,Ferrari,1:40:57,69,1998
1998-06-28,유럽,프랑스,마니쿠르 서킷,Michael Schumacher,Ferrari,1:34:45,71,1998
1998-07-12,유럽,영국,실버스톤 서킷,Michael Schumacher,Ferrari,1:47:02,60,1998
1998-07-26,유럽,오스트리아,레드불 링,Mika Hakkinen,McLaren Mercedes,1:30:44,71,1998
1998-08-02,유럽,독일,호켄하임링,Mika Hakkinen,McLaren Mercedes,1:20:47,45,1998
1998-08-16,유럽,헝가리,헝가로링,Michael Schumacher,Ferrari,1:45:25,77,1998
1998-08-30,유럽,벨기에,스파 서킷,Damon Hill,Jordan Mugen Honda,1:43:47,44,1998
1998-09-13,유럽,이탈리아,몬차 서킷,Michael Schumacher,Ferrari,1:17:09,53,1998
1998-09-27,유럽,독일,뉘르부르크링,Mika Hakkinen,McLaren Mercedes,1:32:14,67,1998
1998-11-01,아시아,일본,스즈카 서킷,Mika Hakkinen,McLaren Mercedes,1:27:22,51,1998
1999-03-07,오세아니아,호주,앨버트 파크 서킷,Eddie Irvine,Ferrari,1:35:01,57,1999
1999-04-11,남아메리카,브라질,인터라고스 서킷,Mika Hakkinen,McLaren Mercedes,1:36:03,72,1999
1999-05-02,유럽,산마리노,이몰라 서킷,Michael Schumacher,Ferrari,1:33:44,62,1999
1999-05-16,유럽,모나코,모나코 서킷,Michael Schumacher,Ferrari,1:49:31,78,1999
1999-05-30,유럽,스페인,카탈루냐 서킷,Mika Hakkinen,McLaren Mercedes,1:34:13,65,1999
1999-06-13,북아메리카,캐나다,서킷 질 빌뇌브,Mika Hakkinen,McLaren Mercedes,1:41:35,69,1999
1999-06-27,유럽,프랑스,마니쿠르 서킷,Heinz-Harald Frentzen,Jordan Mugen Honda,1:58:24,72,1999
1999-07-11,유럽,영국,실버스톤 서킷,David Coulthard,McLaren Mercedes,1:32:30,60,1999
1999-07-25,유럽,오스트리아,레드불 링,Eddie Irvine,Ferrari,1:28:12,71,1999
1999-08-01,유럽,독일,호켄하임링,Eddie Irvine,Ferrari,1:21:58,45,1999
1999-08-15,유럽,헝가리,헝가로링,Mika Hakkinen,McLaren Mercedes,1:46:23,77,1999
1999-08-29,유럽,벨기에,스파 서킷,David Coulthard,McLaren Mercedes,1:25:43,44,1999
1999-09-12,유럽,이탈리아,몬차 서킷,Heinz-Harald Frentzen,Jordan Mugen Honda,1:17:02,53,1999
1999-09-26,유럽,독일,뉘르부르크링,Johnny Herbert,Stewart Ford,1:41:54,66,1999
1999-10-17,아시아,말레이시아,세팡 인터내셔널 서킷,Eddie Irvine,Ferrari,1:36:38,56,1999
1999-10-31,아시아,일본,스즈카 서킷,Mika Hakkinen,McLaren Mercedes,1:31:18,53,1999
2000-03-12,오세아니아,호주,앨버트 파크 서킷,Michael Schumacher,Ferrari,1:34:01,58,2000
2000-03-26,남아메리카,브라질,인터라고스 서킷,Michael Schumacher,Ferrari,1:31:35,71,2000
2000-04-09,유럽,산마리노,이몰라 서킷,Michael Schumacher,Ferrari,1:31:39,62,2000
2000-04-23,유럽,영국,실버스톤 서킷,David Coulthard,McLaren Mercedes,1:28:50,60,2000
2000-05-07,유럽,스페인,카탈루냐 서킷,Mika Hakkinen,McLaren Mercedes,1:33:55,65,2000
2000-05-21,유럽,독일,뉘르부르크링,Michael Schumacher,Ferrari,1:42:00,67,2000
2000-06-04,유럽,모나코,모나코 서킷,David Coulthard,McLaren Mercedes,1:49:28,78,2000
2000-06-18,북아메리카,캐나다,서킷 질 빌뇌브,Michael Schumacher,Ferrari,1:41:12,69,2000
2000-07-02,유럽,프랑스,마니쿠르 서킷,David Coulthard,McLaren Mercedes,1:38:05,72,2000
2000-07-16,유럽,오스트리아,레드불 링,Mika Hakkinen,McLaren Mercedes,1:28:15,71,2000
2000-07-30,유럽,독일,호켄하임링,Rubens Barrichello,Ferrari,1:25:34,45,2000
2000-08-13,유럽,헝가리,헝가로링,Mika Hakkinen,McLaren Mercedes,1:45:33,77,2000
2000-08-27,유럽,벨기에,스파 서킷,Mika Hakkinen,McLaren Mercedes,1:28:14,44,2000
2000-09-10,유럽,이탈리아,몬차 서킷,Michael Schumacher,Ferrari,1:27:31,53,2000
2000-09-24,북아메리카,미국,인디애나폴리스 모터 스피드웨이,Michael Schumacher,Ferrari,1:36:30,73,2000
2000-10-08,아시아,일본,스즈카 서킷,Michael Schumacher,Ferrari,1:29:53,53,2000
2000-10-22,아시아,말레이시아,세팡 인터내셔널 서킷,Michael Schumacher,Ferrari,1:35:54,56,2000
2001-03-04,오세아니아,호주,앨버트 파크 서킷,Michael Schumacher,Ferrari,1:38:26,58,2001
2001-03-18,아시아,말레이시아,세팡 인터내셔널 서킷,Michael Schumacher,Ferrari,1:47:34,55,2001
2001-04-01,남아메리카,브라질,인터라고스 서킷,David Coulthard,McLaren Mercedes,1:39:00,71,2001
2001-04-15,유럽,산마리노,이몰라 서킷,Ralf Schumacher,Williams BMW,1:30:44,62,2001
2001-04-29,유럽,스페인,카탈루냐 서킷,Michael Schumacher,Ferrari,1:31:03,65,2001
2001-05-13,유럽,오스트리아,레드불 링,David Coulthard,McLaren Mercedes,1:27:45,71,2001
2001-05-27,유럽,모나코,모나코 서킷,Michael Schumacher,Ferrari,1:47:22,78,2001
2001-06-10,북아메리카,캐나다,서킷 질 빌뇌브,Ralf Schumacher,Williams BMW,1:34:31,69,2001
2001-06-24,유럽,독일,뉘르부르크링,Michael Schumacher,Ferrari,1:29:42,67,2001
2001-07-01,유럽,프랑스,마니쿠르 서킷,Michael Schumacher,Ferrari,1:33:35,72,2001
2001-07-15,유럽,영국,실버스톤 서킷,Mika Hakkinen,McLaren Mercedes,1:25:33,60,2001
2001-07-29,유럽,독일,호켄하임링,Ralf Schumacher,Williams BMW,1:18:17,45,2001
2001-08-19,유럽,헝가리,헝가로링,Michael Schumacher,Ferrari,1:41:49,77,2001
2001-09-02,유럽,벨기에,스파 서킷,Michael Schumacher,Ferrari,1:08:05,36,2001
2001-09-16,유럽,이탈리아,몬차 서킷,Juan Pablo Montoya,Williams BMW,1:16:58,53,2001
2001-09-30,북아메리카,미국,인디애나폴리스 모터 스피드웨이,Mika Hakkinen,McLaren Mercedes,1:32:42,73,2001
2001-10-14,아시아,일본,스즈카 서킷,Michael Schumacher,Ferrari,1:27:33,53,2001
2002-03-03,오세아니아,호주,앨버트 파크 서킷,Michael Schumacher,Ferrari,1:35:36,58,2002
2002-03-17,아시아,말레이시아,세팡 인터내셔널 서킷,Ralf Schumacher,Williams BMW,1:34:12,56,2002
2002-03-31,남아메리카,브라질,인터라고스 서킷,Michael Schumacher,Ferrari,1:31:43,71,2002
2002-04-14,유럽,산마리노,이몰라 서킷,Michael Schumacher,Ferrari,1:29:10,62,2002
2002-04-28,유럽,스페인,카탈루냐 서킷,Michael Schumacher,Ferrari,1:30:29,65,2002
2002-05-12,유럽,오스트리아,레드불 링,Michael Schumacher,Ferrari,1:33:51,71,2002
2002-05-26,유럽,모나코,모나코 서킷,David Coulthard,McLaren Mercedes,1:45:39,78,2002
2002-06-09,북아메리카,캐나다,서킷 질 빌뇌브,Michael Schumacher,Ferrari,1:33:36,70,2002
2002-06-23,유럽,독일,뉘르부르크링,Rubens Barrichello,Ferrari,1:35:07,60,2002
2002-07-07,유럽,영국,실버스톤 서킷,Michael Schumacher,Ferrari,1:31:45,60,2002
2002-07-21,유럽,프랑스,마니쿠르 서킷,Michael Schumacher,Ferrari,1:32:09,72,2002
2002-07-28,유럽,독일,호켄하임링,Michael Schumacher,Ferrari,1:27:52,67,2002
2002-08-18,유럽,헝가리,헝가로링,Rubens Barrichello,Ferrari,1:41:49,77,2002
2002-09-01,유럽,벨기에,스파 서킷,Michael Schumacher,Ferrari,1:21:20,44,2002
2002-09-15,유럽,이탈리아,몬차 서킷,Rubens Barrichello,Ferrari,1:16:19,53,2002
2002-09-29,북아메리카,미국,인디애나폴리스 모터 스피드웨이,Rubens Barrichello,Ferrari,1:31:07,73,2002
2002-10-13,아시아,일본,스즈카 서킷,Michael Schumacher,Ferrari,1:26:59,53,2002
2003-03-09,오세아니아,호주,앨버트 파크 서킷,David Coulthard,McLaren Mercedes,1:34:42,58,2003
2003-03-23,아시아,말레이시아,세팡 인터내셔널 서킷,Kimi Raikkonen,McLaren Mercedes,1:32:22,56,2003
2003-04-06,남아메리카,브라질,인터라고스 서킷,Giancarlo Fisichella,Jordan Ford,1:31:17,54,2003
2003-04-20,유럽,산마리노,이몰라 서킷,Michael Schumacher,Ferrari,1:28:12,62,2003
2003-05-04,유럽,스페인,카탈루냐 서킷,Michael Schumacher,Ferrari,1:33:46,65,2003
2003-05-18,유럽,오스트리아,레드불 링,Michael Schumacher,Ferrari,1:24:04,69,2003
2003-06-01,유럽,모나코,모나코 서킷,Juan Pablo Montoya,Williams BMW,1:42:19,78,2003
2003-06-15,북아메리카,캐나다,서킷 질 빌뇌브,Michael Schumacher,Ferrari,1:31:13,70,2003
2003-06-29,유럽,독일,뉘르부르크링,Ralf Schumacher,Williams BMW,1:34:43,60,2003
2003-07-06,유럽,프랑스,마니쿠르 서킷,Ralf Schumacher,Williams BMW,1:30:49,70,2003
2003-07-20,유럽,영국,실버스톤 서킷,Rubens Barrichello,Ferrari,1:28:37,60,2003
2003-08-03,유럽,독일,호켄하임링,Juan Pablo Montoya,Williams BMW,1:28:48,67,2003
2003-08-24,유럽,헝가리,헝가로링,Fernando Alonso,Renault,1:39:01,70,2003
2003-09-14,유럽,이탈리아,몬차 서킷,Michael Schumacher,Ferrari,1:14:19,53,2003
2003-09-28,북아메리카,미국,인디애나폴리스 모터 스피드웨이,Michael Schumacher,Ferrari,1:33:35,73,2003
2003-10-12,아시아,일본,스즈카 서킷,Rubens Barrichello,Ferrari,1:25:11,53,2003
2004-03-07,오세아니아,호주,앨버트 파크 서킷,Michael Schumacher,Ferrari,1:24:15,58,2004
2004-03-21,아시아,말레이시아,세팡 인터내셔널 서킷,Michael Schumacher,Ferrari,1:31:07,56,2004
2004-04-04,아시아,사키르,바레인 인터내셔널 서킷,Michael Schumacher,Ferrari,1:28:34,57,2004
2004-04-25,유럽,산마리노,이몰라 서킷,Michael Schumacher,Ferrari,1:26:19,62,2004
2004-05-09,유럽,스페인,카탈루냐 서킷,Michael Schumacher,Ferrari,1:27:32,66,2004
2004-05-23,유럽,모나코,모나코 서킷,Jarno Trulli,Renault,1:45:46,77,2004
2004-05-30,유럽,독일,뉘르부르크링,Michael Schumacher,Ferrari,1:32:35,60,2004
2004-06-13,북아메리카,캐나다,서킷 질 빌뇌브,Michael Schumacher,Ferrari,1:28:24,70,2004
2004-06-20,북아메리카,미국,인디애나폴리스 모터 스피드웨이,Michael Schumacher,Ferrari,1:40:29,73,2004
2004-07-04,유럽,프랑스,마니쿠르 서킷,Michael Schumacher,Ferrari,1:30:18,70,2004
2004-07-11,유럽,영국,실버스톤 서킷,Michael Schumacher,Ferrari,1:24:42,60,2004
2004-07-25,유럽,독일,호켄하임링,Michael Schumacher,Ferrari,1:23:54,66,2004
2004-08-15,유럽,헝가리,헝가로링,Michael Schumacher,Ferrari,1:35:26,70,2004
2004-08-29,유럽,벨기에,스파 서킷,Kimi Raikkonen,McLaren Mercedes,1:32:35,44,2004
2004-09-12,유럽,이탈리아,몬차 서킷,Rubens Barrichello,Ferrari,1:15:18,53,2004
2004-09-26,아시아,중국,상하이 인터내셔널 서킷,Rubens Barrichello,Ferrari,1:29:12,56,2004
2004-10-10,아시아,일본,스즈카 서킷,Michael Schumacher,Ferrari,1:24:26,53,2004
2004-10-24,남아메리카,브라질,인터라고스 서킷,Juan Pablo Montoya,Williams BMW,1:28:01,71,2004
2005-03-06,오세아니아,호주,앨버트 파크 서킷,Giancarlo Fisichella,Renault,1:24:17,57,2005
2005-03-20,아시아,말레이시아,세팡 인터내셔널 서킷,Fernando Alonso,Renault,1:31:33,56,2005
2005-04-03,아시아,사키르,바레인 인터내셔널 서킷,Fernando Alonso,Renault,1:29:18,57,2005
2005-04-24,유럽,산마리노,이몰라 서킷,Fernando Alonso,Renault,1:27:41,62,2005
2005-05-08,유럽,스페인,카탈루냐 서킷,Kimi Raikkonen,McLaren Mercedes,1:27:16,66,2005
2005-05-22,유럽,모나코,모나코 서킷,Kimi Raikkonen,McLaren Mercedes,1:45:15,78,2005
2005-05-29,유럽,독일,뉘르부르크링,Fernando Alonso,Renault,1:31:46,59,2005
2005-06-12,북아메리카,캐나다,서킷 질 빌뇌브,Kimi Raikkonen,McLaren Mercedes,1:32:09,70,2005
2005-06-19,북아메리카,미국,인디애나폴리스 모터 스피드웨이,Michael Schumacher,Ferrari,1:29:43,73,2005
2005-07-03,유럽,프랑스,마니쿠르 서킷,Fernando Alonso,Renault,1:31:22,70,2005
2005-07-10,유럽,영국,실버스톤 서킷,Juan Pablo Montoya,McLaren Mercedes,1:24:29,60,2005
2005-07-24,유럽,독일,호켄하임링,Fernando Alonso,Renault,1:26:28,67,2005
2005-07-31,유럽,헝가리,헝가로링,Kimi Raikkonen,McLaren Mercedes,1:37:25,70,2005
2005-08-21,아시아,튀르키예,이스탄불 파크,Kimi Raikkonen,McLaren Mercedes,1:24:34,58,2005
2005-09-04,유럽,이탈리아,몬차 서킷,Juan Pablo Montoya,McLaren Mercedes,1:14:28,53,2005
2005-09-11,유럽,벨기에,스파 서킷,Kimi Raikkonen,McLaren Mercedes,1:30:01,44,2005
2005-09-25,남아메리카,브라질,인터라고스 서킷,Juan Pablo Montoya,McLaren Mercedes,1:29:20,71,2005
2005-10-09,아시아,일본,스즈카 서킷,Kimi Raikkonen,McLaren Mercedes,1:29:02,53,2005
2005-10-16,아시아,중국,상하이 인터내셔널 서킷,Fernando Alonso,Renault,1:39:53,56,2005
2006-03-12,아시아,사키르,바레인 인터내셔널 서킷,Fernando Alonso,Renault,1:29:46,57,2006
2006-03-19,아시아,말레이시아,세팡 인터내셔널 서킷,Giancarlo Fisichella,Renault,1:30:40,56,2006
2006-04-02,오세아니아,호주,앨버트 파크 서킷,Fernando Alonso,Renault,1:34:27,57,2006
2006-04-23,유럽,산마리노,이몰라 서킷,Michael Schumacher,Ferrari,1:31:06,62,2006
2006-05-07,유럽,독일,뉘르부르크링,Michael Schumacher,Ferrari,1:35:58,60,2006
2006-05-14,유럽,스페인,카탈루냐 서킷,Fernando Alonso,Renault,1:26:21,66,2006
2006-05-28,유럽,모나코,모나코 서킷,Fernando Alonso,Renault,1:43:43,78,2006
2006-06-11,유럽,영국,실버스톤 서킷,Fernando Alonso,Renault,1:25:51,60,2006
2006-06-25,북아메리카,캐나다,서킷 질 빌뇌브,Fernando Alonso,Renault,1:34:37,70,2006
2006-07-02,북아메리카,미국,인디애나폴리스 모터 스피드웨이,Michael Schumacher,Ferrari,1:34:35,73,2006
2006-07-16,유럽,프랑스,마니쿠르 서킷,Michael Schumacher,Ferrari,1:32:07,70,2006
2006-07-30,유럽,독일,호켄하임링,Michael Schumacher,Ferrari,1:27:51,67,2006
2006-08-06,유럽,헝가리,헝가로링,Jenson Button,Honda,1:52:20,70,2006
2006-08-27,아시아,튀르키예,이스탄불 파크,Felipe Massa,Ferrari,1:28:51,58,2006
2006-09-10,유럽,이탈리아,몬차 서킷,Michael Schumacher,Ferrari,1:14:51,53,2006
2006-10-01,아시아,중국,상하이 인터내셔널 서킷,Michael Schumacher,Ferrari,1:37:32,56,2006
2006-10-08,아시아,일본,스즈카 서킷,Fernando Alonso,Renault,1:23:53,53,2006
2006-10-22,남아메리카,브라질,인터라고스 서킷,Felipe Massa,Ferrari,1:31:53,71,2006
2007-03-18,오세아니아,호주,앨버트 파크 서킷,Kimi Raikkonen,Ferrari,1:25:28,58,2007
2007-04-08,아시아,말레이시아,세팡 인터내셔널 서킷,Fernando Alonso,McLaren Mercedes,1:32:14,56,2007
2007-04-15,아시아,사키르,바레인 인터내셔널 서킷,Felipe Massa,Ferrari,1:33:27,57,2007
2007-05-13,유럽,스페인,카탈루냐 서킷,Felipe Massa,Ferrari,1:31:36,65,2007
2007-05-27,유럽,모나코,모나코 서킷,Fernando Alonso,McLaren Mercedes,1:40:29,78,2007
2007-06-10,북아메리카,캐나다,서킷 질 빌뇌브,Lewis Hamilton,McLaren Mercedes,1:44:11,70,2007
2007-06-17,북아메리카,미국,인디애나폴리스 모터 스피드웨이,Lewis Hamilton,McLaren Mercedes,1:31:09,73,2007
2007-07-01,유럽,프랑스,마니쿠르 서킷,Kimi Raikkonen,Ferrari,1:30:54,70,2007
2007-07-08,유럽,영국,실버스톤 서킷,Kimi Raikkonen,Ferrari,1:21:43,59,2007
2007-07-22,유럽,독일,뉘르부르크링,Fernando Alonso,McLaren Mercedes,2:06:26,60,2007
2007-08-05,유럽,헝가리,헝가로링,Lewis Hamilton,McLaren Mercedes,1:35:52,70,2007
2007-08-26,아시아,튀르키예,이스탄불 파크,Felipe Massa,Ferrari,1:26:42,58,2007
2007-09-09,유럽,이탈리아,몬차 서킷,Fernando Alonso,McLaren Mercedes,1:18:37,53,2007
2007-09-16,유럽,벨기에,스파 서킷,Kimi Raikkonen,Ferrari,1:20:39,44,2007
2007-09-30,아시아,일본,후지 스피드웨이,Lewis Hamilton,McLaren Mercedes,2:00:34,67,2007
2007-10-07,아시아,중국,상하이 인터내셔널 서킷,Kimi Raikkonen,Ferrari,1:37:58,56,2007
2007-10-21,남아메리카,브라질,인터라고스 서킷,Kimi Raikkonen,Ferrari,1:28:15,71,2007
2008-03-16,오세아니아,호주,앨버트 파크 서킷,Lewis Hamilton,McLaren Mercedes,1:34:50,58,2008
2008-03-23,아시아,말레이시아,세팡 인터내셔널 서킷,Kimi Raikkonen,Ferrari,1:31:18,56,2008
2008-04-06,아시아,사키르,바레인 인터내셔널 서킷,Felipe Massa,Ferrari,1:31:06,57,2008
2008-04-27,유럽,스페인,카탈루냐 서킷,Kimi Raikkonen,Ferrari,1:38:19,66,2008
2008-05-11,아시아,튀르키예,이스탄불 파크,Felipe Massa,Ferrari,1:26:49,58,2008
2008-05-25,유럽,모나코,모나코 서킷,Lewis Hamilton,McLaren Mercedes,2:00:42,76,2008
2008-06-08,북아메리카,캐나다,서킷 질 빌뇌브,Robert Kubica,Sauber BMW,1:36:24,70,2008
2008-06-22,유럽,프랑스,마니쿠르 서킷,Felipe Massa,Ferrari,1:31:50,70,2008
2008-07-06,유럽,영국,실버스톤 서킷,Lewis Hamilton,McLaren Mercedes,1:39:09,60,2008
2008-07-20,유럽,독일,호켄하임링,Lewis Hamilton,McLaren Mercedes,1:31:20,67,2008
2008-08-03,유럽,헝가리,헝가로링,Heikki Kovalainen,McLaren Mercedes,1:37:27,70,2008
2008-08-24,유럽,스페인,카탈루냐 서킷,Felipe Massa,Ferrari,1:35:32,57,2008
2008-09-07,유럽,벨기에,스파 서킷,Felipe Massa,Ferrari,1:22:59,44,2008
2008-09-14,유럽,이탈리아,몬차 서킷,Sebastian Vettel,STR Ferrari,1:26:47,53,2008
2008-09-28,아시아,싱가포르,마리나 베이 시가지 서킷,Fernando Alonso,Renault,1:57:16,61,2008
2008-10-12,아시아,일본,후지 스피드웨이,Fernando Alonso,Renault,1:30:21,67,2008
2008-10-19,아시아,중국,상하이 인터내셔널 서킷,Lewis Hamilton,McLaren Mercedes,1:31:57,56,2008
2008-11-02,남아메리카,브라질,인터라고스 서킷,Felipe Massa,Ferrari,1:34:11,71,2008
2009-03-29,오세아니아,호주,앨버트 파크 서킷,Jenson Button,Brawn Mercedes,1:34:15,58,2009
2009-04-05,아시아,말레이시아,세팡 인터내셔널 서킷,Jenson Button,Brawn Mercedes,55:30:00,31,2009
2009-04-19,아시아,중국,상하이 인터내셔널 서킷,Sebastian Vettel,RBR Renault,1:57:43,56,2009
2009-04-26,아시아,사키르,바레인 인터내셔널 서킷,Jenson Button,Brawn Mercedes,1:31:48,57,2009
2009-05-10,유럽,스페인,카탈루냐 서킷,Jenson Button,Brawn Mercedes,1:37:19,66,2009
2009-05-24,유럽,모나코,모나코 서킷,Jenson Button,Brawn Mercedes,1:40:44,78,2009
2009-06-07,아시아,튀르키예,이스탄불 파크,Jenson Button,Brawn Mercedes,1:26:24,58,2009
2009-06-21,유럽,영국,실버스톤 서킷,Sebastian Vettel,RBR Renault,1:22:49,60,2009
2009-07-12,유럽,독일,뉘르부르크링,Mark Webber,RBR Renault,1:36:43,60,2009
2009-07-26,유럽,헝가리,헝가로링,Lewis Hamilton,McLaren Mercedes,1:38:23,70,2009
2009-08-23,유럽,스페인,발렌시아 시가지 서킷,Rubens Barrichello,Brawn Mercedes,1:35:51,57,2009
2009-08-30,유럽,벨기에,스파 서킷,Kimi Raikkonen,Ferrari,1:23:50,44,2009
2009-09-13,유럽,이탈리아,몬차 서킷,Rubens Barrichello,Brawn Mercedes,1:16:21,53,2009
2009-09-27,아시아,싱가포르,마리나 베이 시가지 서킷,Lewis Hamilton,McLaren Mercedes,1:56:06,61,2009
2009-10-04,아시아,일본,스즈카 서킷,Sebastian Vettel,RBR Renault,1:28:20,53,2009
2009-10-18,남아메리카,브라질,인터라고스 서킷,Mark Webber,RBR Renault,1:32:23,71,2009
2009-11-01,아시아,아부다비,야스 마리나 서킷,Sebastian Vettel,RBR Renault,1:34:03,55,2009
2010-03-14,아시아,사키르,바레인 인터내셔널 서킷,Fernando Alonso,Ferrari,1:39:20,49,2010
2010-03-28,오세아니아,호주,앨버트 파크 서킷,Jenson Button,McLaren Mercedes,1:33:36,58,2010
2010-04-04,아시아,말레이시아,세팡 인터내셔널 서킷,Sebastian Vettel,RBR Renault,1:33:48,56,2010
2010-04-18,아시아,중국,상하이 인터내셔널 서킷,Jenson Button,McLaren Mercedes,1:46:42,56,2010
2010-05-09,유럽,스페인,카탈루냐 서킷,Mark Webber,RBR Renault,1:35:44,66,2010
2010-05-16,유럽,모나코,모나코 서킷,Mark Webber,RBR Renault,1:50:13,78,2010
2010-05-30,아시아,튀르키예,이스탄불 파크,Lewis Hamilton,McLaren Mercedes,1:28:47,58,2010
2010-06-13,북아메리카,캐나다,서킷 질 빌뇌브,Lewis Hamilton,McLaren Mercedes,1:33:53,70,2010
2010-06-27,유럽,스페인,발렌시아 시가지 서킷,Sebastian Vettel,RBR Renault,1:40:29,57,2010
2010-07-11,유럽,영국,실버스톤 서킷,Mark Webber,RBR Renault,1:24:38,52,2010
2010-07-25,유럽,독일,호켄하임링,Fernando Alonso,Ferrari,1:27:38,67,2010
2010-08-01,유럽,헝가리,헝가로링,Mark Webber,RBR Renault,1:41:05,70,2010
2010-08-29,유럽,벨기에,스파 서킷,Lewis Hamilton,McLaren Mercedes,1:29:04,44,2010
2010-09-12,유럽,이탈리아,몬차 서킷,Fernando Alonso,Ferrari,1:16:24,53,2010
2010-09-26,아시아,싱가포르,마리나 베이 시가지 서킷,Fernando Alonso,Ferrari,1:57:53,61,2010
2010-10-10,아시아,일본,스즈카 서킷,Sebastian Vettel,RBR Renault,1:30:27,53,2010
2010-10-24,아시아,대한민국,영암 서킷,Fernando Alonso,Ferrari,2:48:20,55,2010
2010-11-07,남아메리카,브라질,인터라고스 서킷,Sebastian Vettel,RBR Renault,1:33:11,71,2010
2010-11-14,아시아,아부다비,야스 마리나 서킷,Sebastian Vettel,RBR Renault,1:39:36,55,2010
2011-03-27,오세아니아,호주,앨버트 파크 서킷,Sebastian Vettel,Red Bull Racing Renault,1:29:30,58,2011
2011-04-10,아시아,말레이시아,세팡 인터내셔널 서킷,Sebastian Vettel,Red Bull Racing Renault,1:37:39,56,2011
2011-04-17,아시아,중국,상하이 인터내셔널 서킷,Lewis Hamilton,McLaren Mercedes,1:36:58,56,2011
2011-05-08,아시아,튀르키예,이스탄불 파크,Sebastian Vettel,Red Bull Racing Renault,1:30:17,58,2011
2011-05-22,유럽,스페인,카탈루냐 서킷,Sebastian Vettel,Red Bull Racing Renault,1:39:03,66,2011
2011-05-29,유럽,모나코,모나코 서킷,Sebastian Vettel,Red Bull Racing Renault,2:09:38,78,2011
2011-06-12,북아메리카,캐나다,서킷 질 빌뇌브,Jenson Button,McLaren Mercedes,4:04:39,70,2011
2011-06-26,유럽,스페인,발렌시아 시가지 서킷,Sebastian Vettel,Red Bull Racing Renault,1:39:36,57,2011
2011-07-10,유럽,영국,실버스톤 서킷,Fernando Alonso,Ferrari,1:28:41,52,2011
2011-07-24,유럽,독일,뉘르부르크링,Lewis Hamilton,McLaren Mercedes,1:37:30,60,2011
2011-07-31,유럽,헝가리,헝가로링,Jenson Button,McLaren Mercedes,1:46:42,70,2011
2011-08-28,유럽,벨기에,스파 서킷,Sebastian Vettel,Red Bull Racing Renault,1:26:44,44,2011
2011-09-11,유럽,이탈리아,몬차 서킷,Sebastian Vettel,Red Bull Racing Renault,1:20:46,53,2011
2011-09-25,아시아,싱가포르,마리나 베이 시가지 서킷,Sebastian Vettel,Red Bull Racing Renault,1:59:06,61,2011
2011-10-09,아시아,일본,스즈카 서킷,Jenson Button,McLaren Mercedes,1:30:53,53,2011
2011-10-16,아시아,대한민국,영암 서킷,Sebastian Vettel,Red Bull Racing Renault,1:38:01,55,2011
2011-10-30,아시아,인도,부드 인터내셔널 서킷,Sebastian Vettel,Red Bull Racing Renault,1:30:35,60,2011
2011-11-13,아시아,아부다비,야스 마리나 서킷,Lewis Hamilton,McLaren Mercedes,1:37:11,55,2011
2011-11-27,남아메리카,브라질,인터라고스 서킷,Mark Webber,Red Bull Racing Renault,1:32:17,71,2011
2012-03-18,오세아니아,호주,앨버트 파크 서킷,Jenson Button,McLaren Mercedes,1:34:09,58,2012
2012-03-25,아시아,말레이시아,세팡 인터내셔널 서킷,Fernando Alonso,Ferrari,2:44:51,56,2012
2012-04-15,아시아,중국,상하이 인터내셔널 서킷,Nico Rosberg,Mercedes,1:36:26,56,2012
2012-04-22,아시아,사키르,바레인 인터내셔널 서킷,Sebastian Vettel,Red Bull Racing Renault,1:35:10,57,2012
2012-05-13,유럽,스페인,발렌시아 시가지 서킷,Pastor Maldonado,Williams Renault,1:39:09,66,2012
2012-05-27,유럽,모나코,모나코 서킷,Mark Webber,Red Bull Racing Renault,1:46:06,78,2012
2012-06-10,북아메리카,캐나다,서킷 질 빌뇌브,Lewis Hamilton,McLaren Mercedes,1:32:29,70,2012
2012-06-24,유럽,스페인,발렌시아 시가지 서킷,Fernando Alonso,Ferrari,1:44:16,57,2012
2012-07-08,유럽,영국,실버스톤 서킷,Mark Webber,Red Bull Racing Renault,1:25:11,52,2012
2012-07-22,유럽,독일,호켄하임링,Fernando Alonso,Ferrari,1:31:05,67,2012
2012-07-29,유럽,헝가리,헝가로링,Lewis Hamilton,McLaren Mercedes,1:41:05,69,2012
2012-09-02,유럽,벨기에,스파 서킷,Jenson Button,McLaren Mercedes,1:29:08,44,2012
2012-09-09,유럽,이탈리아,몬차 서킷,Lewis Hamilton,McLaren Mercedes,1:19:41,53,2012
2012-09-23,아시아,싱가포르,마리나 베이 시가지 서킷,Sebastian Vettel,Red Bull Racing Renault,2:00:26,59,2012
2012-10-07,아시아,일본,스즈카 서킷,Sebastian Vettel,Red Bull Racing Renault,1:28:56,53,2012
2012-10-14,아시아,대한민국,영암 서킷,Sebastian Vettel,Red Bull Racing Renault,1:36:28,55,2012
2012-10-28,아시아,인도,부드 인터내셔널 서킷,Sebastian Vettel,Red Bull Racing Renault,1:31:10,60,2012
2012-11-04,아시아,아부다비,야스 마리나 서킷,Kimi Raikkonen,Lotus Renault,1:45:58,55,2012
2012-11-18,북아메리카,미국,서킷 오브 디 아메리카스,Lewis Hamilton,McLaren Mercedes,1:35:55,56,2012
2012-11-25,남아메리카,브라질,인터라고스 서킷,Jenson Button,McLaren Mercedes,1:45:22,71,2012
2013-03-17,오세아니아,호주,앨버트 파크 서킷,Kimi Raikkonen,Lotus Renault,1:30:03,58,2013
2013-03-24,아시아,말레이시아,세팡 인터내셔널 서킷,Sebastian Vettel,Red Bull Racing Renault,1:38:56,56,2013
2013-04-14,아시아,중국,상하이 인터내셔널 서킷,Fernando Alonso,Ferrari,1:36:26,56,2013
2013-04-21,아시아,사키르,바레인 인터내셔널 서킷,Sebastian Vettel,Red Bull Racing Renault,1:36:00,57,2013
2013-05-12,유럽,스페인,카탈루냐 서킷,Fernando Alonso,Ferrari,1:39:16,66,2013
2013-05-26,유럽,모나코,모나코 서킷,Nico Rosberg,Mercedes,2:17:52,78,2013
2013-06-09,북아메리카,캐나다,서킷 질 빌뇌브,Sebastian Vettel,Red Bull Racing Renault,1:32:09,70,2013
2013-06-30,유럽,영국,실버스톤 서킷,Nico Rosberg,Mercedes,1:32:59,52,2013
2013-07-07,유럽,독일,뉘르부르크링,Sebastian Vettel,Red Bull Racing Renault,1:41:14,60,2013
2013-07-28,유럽,헝가리,헝가로링,Lewis Hamilton,Mercedes,1:42:29,70,2013
2013-08-25,유럽,벨기에,스파 서킷,Sebastian Vettel,Red Bull Racing Renault,1:23:42,44,2013
2013-09-08,유럽,이탈리아,몬차 서킷,Sebastian Vettel,Red Bull Racing Renault,1:18:33,53,2013
2013-09-22,아시아,싱가포르,마리나 베이 시가지 서킷,Sebastian Vettel,Red Bull Racing Renault,1:59:13,61,2013
2013-10-06,아시아,대한민국,영암 서킷,Sebastian Vettel,Red Bull Racing Renault,1:43:13,55,2013
2013-10-13,아시아,일본,스즈카 서킷,Sebastian Vettel,Red Bull Racing Renault,1:26:49,53,2013
2013-10-27,아시아,인도,부드 인터내셔널 서킷,Sebastian Vettel,Red Bull Racing Renault,1:31:12,60,2013
2013-11-03,아시아,아부다비,야스 마리나 서킷,Sebastian Vettel,Red Bull Racing Renault,1:38:06,55,2013
2013-11-17,북아메리카,미국,서킷 오브 디 아메리카스,Sebastian Vettel,Red Bull Racing Renault,1:39:17,56,2013
2013-11-24,남아메리카,브라질,인터라고스 서킷,Sebastian Vettel,Red Bull Racing Renault,1:32:36,71,2013
2014-03-16,오세아니아,호주,앨버트 파크 서킷,Nico Rosberg,Mercedes,1:32:58,57,2014
2014-03-30,아시아,말레이시아,세팡 인터내셔널 서킷,Lewis Hamilton,Mercedes,1:40:25,56,2014
2014-04-06,아시아,사키르,바레인 인터내셔널 서킷,Lewis Hamilton,Mercedes,1:39:42,57,2014
2014-04-20,아시아,중국,상하이 인터내셔널 서킷,Lewis Hamilton,Mercedes,1:33:28,54,2014
2014-05-11,유럽,스페인,카탈루냐 서킷,Lewis Hamilton,Mercedes,1:41:05,66,2014
2014-05-25,유럽,모나코,모나코 서킷,Nico Rosberg,Mercedes,1:49:27,78,2014
2014-06-08,북아메리카,캐나다,서킷 질 빌뇌브,Daniel Ricciardo,Red Bull Racing Renault,1:39:12,70,2014
2014-06-22,유럽,오스트리아,레드불 링,Nico Rosberg,Mercedes,1:27:54,71,2014
2014-07-06,유럽,영국,실버스톤 서킷,Lewis Hamilton,Mercedes,2:26:52,52,2014
2014-07-20,유럽,독일,호켄하임링,Nico Rosberg,Mercedes,1:33:42,67,2014
2014-07-27,유럽,헝가리,헝가로링,Daniel Ricciardo,Red Bull Racing Renault,1:53:05,70,2014
2014-08-24,유럽,벨기에,스파 서킷,Daniel Ricciardo,Red Bull Racing Renault,1:24:36,44,2014
2014-09-07,유럽,이탈리아,몬차 서킷,Lewis Hamilton,Mercedes,1:19:10,53,2014
2014-09-21,아시아,싱가포르,마리나 베이 시가지 서킷,Lewis Hamilton,Mercedes,2:00:04,60,2014
2014-10-05,아시아,일본,스즈카 서킷,Lewis Hamilton,Mercedes,1:51:43,44,2014
2014-10-21,유럽,러시아,소치 오토드롬,Lewis Hamilton,Mercedes,1:31:50,53,2014
2014-11-02,북아메리카,미국,서킷 오브 디 아메리카스,Lewis Hamilton,Mercedes,1:40:04,56,2014
2014-11-09,남아메리카,브라질,인터라고스 서킷,Nico Rosberg,Mercedes,1:30:02,71,2014
2014-11-23,아시아,아부다비,야스 마리나 서킷,Lewis Hamilton,Mercedes,1:39:02,55,2014
2015-03-15,오세아니아,호주,앨버트 파크 서킷,Lewis Hamilton,Mercedes,1:31:54,58,2015
2015-03-29,아시아,말레이시아,세팡 인터내셔널 서킷,Sebastian Vettel,Ferrari,1:41:05,56,2015
2015-04-12,아시아,중국,상하이 인터내셔널 서킷,Lewis Hamilton,Mercedes,1:39:42,56,2015
2015-04-19,아시아,사키르,바레인 인터내셔널 서킷,Lewis Hamilton,Mercedes,1:35:05,57,2015
2015-05-10,유럽,스페인,카탈루냐 서킷,Nico Rosberg,Mercedes,1:41:12,66,2015
2015-05-24,유럽,모나코,모나코 서킷,Nico Rosberg,Mercedes,1:49:18,78,2015
2015-06-07,북아메리카,캐나다,서킷 질 빌뇌브,Lewis Hamilton,Mercedes,1:31:53,70,2015
2015-06-21,유럽,오스트리아,레드불 링,Nico Rosberg,Mercedes,1:30:16,71,2015
2015-07-05,유럽,영국,실버스톤 서킷,Lewis Hamilton,Mercedes,1:31:27,52,2015
2015-07-26,유럽,헝가리,헝가로링,Sebastian Vettel,Ferrari,1:46:09,69,2015
2015-08-23,유럽,벨기에,스파 서킷,Lewis Hamilton,Mercedes,1:23:40,43,2015
2015-09-06,유럽,이탈리아,몬차 서킷,Lewis Hamilton,Mercedes,1:18:00,53,2015
2015-09-20,아시아,싱가포르,마리나 베이 시가지 서킷,Sebastian Vettel,Ferrari,2:01:22,61,2015
2015-09-27,아시아,일본,스즈카 서킷,Lewis Hamilton,Mercedes,1:28:06,53,2015
2015-10-11,유럽,러시아,소치 오토드롬,Lewis Hamilton,Mercedes,1:37:11,53,2015
2015-10-25,북아메리카,미국,서킷 오브 디 아메리카스,Lewis Hamilton,Mercedes,1:50:52,56,2015
2015-11-01,북아메리카,멕시코,아우토드로모 에르마노스 로드리게스,Nico Rosberg,Mercedes,1:42:35,71,2015
2015-11-15,남아메리카,브라질,인터라고스 서킷,Nico Rosberg,Mercedes,1:31:09,71,2015
2015-11-29,아시아,아부다비,야스 마리나 서킷,Nico Rosberg,Mercedes,1:38:30,55,2015
2016-03-20,오세아니아,호주,앨버트 파크 서킷,Nico Rosberg,Mercedes,1:48:15,57,2016
2016-04-03,아시아,사키르,바레인 인터내셔널 서킷,Nico Rosberg,Mercedes,1:33:34,57,2016
2016-04-17,아시아,중국,상하이 인터내셔널 서킷,Nico Rosberg,Mercedes,1:38:53,56,2016
2016-05-01,유럽,러시아,소치 오토드롬,Nico Rosberg,Mercedes,1:32:41,53,2016
2016-05-15,유럽,스페인,카탈루냐 서킷,Max Verstappen,Red Bull Racing TAG Heuer,1:41:40,66,2016
2016-05-29,유럽,모나코,모나코 서킷,Lewis Hamilton,Mercedes,1:59:29,78,2016
2016-06-12,북아메리카,캐나다,서킷 질 빌뇌브,Lewis Hamilton,Mercedes,1:31:05,70,2016
2016-06-19,아시아,아제르바이잔,바쿠 시티 서킷,Nico Rosberg,Mercedes,1:32:52,51,2016
2016-07-03,유럽,오스트리아,레드불 링,Lewis Hamilton,Mercedes,1:27:38,71,2016
2016-07-10,유럽,영국,실버스톤 서킷,Lewis Hamilton,Mercedes,1:34:55,52,2016
2016-07-24,유럽,헝가리,헝가로링,Lewis Hamilton,Mercedes,1:40:30,70,2016
2016-07-31,유럽,독일,호켄하임링,Lewis Hamilton,Mercedes,1:30:44,67,2016
2016-08-28,유럽,벨기에,스파 서킷,Nico Rosberg,Mercedes,1:44:51,44,2016
2016-09-04,유럽,이탈리아,몬차 서킷,Nico Rosberg,Mercedes,1:17:28,53,2016
2016-09-18,아시아,싱가포르,마리나 베이 시가지 서킷,Nico Rosberg,Mercedes,1:55:48,61,2016
2016-10-02,아시아,말레이시아,세팡 인터내셔널 서킷,Daniel Ricciardo,Red Bull Racing TAG Heuer,1:37:12,56,2016
2016-10-09,아시아,일본,스즈카 서킷,Nico Rosberg,Mercedes,1:26:43,53,2016
2016-10-23,북아메리카,미국,서킷 오브 디 아메리카스,Lewis Hamilton,Mercedes,1:38:12,56,2016
2016-10-30,북아메리카,멕시코,아우토드로모 에르마노스 로드리게스,Lewis Hamilton,Mercedes,1:40:31,71,2016
2016-11-13,남아메리카,브라질,인터라고스 서킷,Lewis Hamilton,Mercedes,3:01:01,71,2016
2016-11-27,아시아,아부다비,야스 마리나 서킷,Lewis Hamilton,Mercedes,1:38:04,55,2016
2017-03-26,오세아니아,호주,앨버트 파크 서킷,Sebastian Vettel,Ferrari,1:24:11,57,2017
2017-04-09,아시아,중국,상하이 인터내셔널 서킷,Lewis Hamilton,Mercedes,1:37:36,56,2017
2017-04-16,아시아,사키르,바레인 인터내셔널 서킷,Sebastian Vettel,Ferrari,1:33:53,57,2017
2017-04-30,유럽,러시아,소치 오토드롬,Valtteri Bottas,Mercedes,1:28:08,52,2017
2017-05-14,유럽,스페인,카탈루냐 서킷,Lewis Hamilton,Mercedes,1:35:56,66,2017
2017-05-28,유럽,모나코,모나코 서킷,Sebastian Vettel,Ferrari,1:44:44,78,2017
2017-06-11,북아메리카,캐나다,서킷 질 빌뇌브,Lewis Hamilton,Mercedes,1:33:05,70,2017
2017-06-25,아시아,아제르바이잔,바쿠 시티 서킷,Daniel Ricciardo,Red Bull Racing TAG Heuer,2:03:55,51,2017
2017-07-09,유럽,오스트리아,레드불 링,Valtteri Bottas,Mercedes,1:21:48,71,2017
2017-07-16,유럽,영국,실버스톤 서킷,Lewis Hamilton,Mercedes,1:21:27,51,2017
2017-07-30,유럽,헝가리,헝가로링,Sebastian Vettel,Ferrari,1:39:46,70,2017
2017-08-27,유럽,벨기에,스파 서킷,Lewis Hamilton,Mercedes,1:24:42,44,2017
2017-09-03,유럽,이탈리아,몬차 서킷,Lewis Hamilton,Mercedes,1:15:32,53,2017
2017-09-17,아시아,싱가포르,마리나 베이 시가지 서킷,Lewis Hamilton,Mercedes,2:03:23,58,2017
2017-10-01,아시아,말레이시아,세팡 인터내셔널 서킷,Max Verstappen,Red Bull Racing TAG Heuer,1:30:01,56,2017
2017-10-08,아시아,일본,스즈카 서킷,Lewis Hamilton,Mercedes,1:27:31,53,2017
2017-10-22,북아메리카,미국,서킷 오브 디 아메리카스,Lewis Hamilton,Mercedes,1:33:50,56,2017
2017-10-29,북아메리카,멕시코,아우토드로모 에르마노스 로드리게스,Max Verstappen,Red Bull Racing TAG Heuer,1:36:26,71,2017
2017-11-12,남아메리카,브라질,인터라고스 서킷,Sebastian Vettel,Ferrari,1:31:26,71,2017
2017-11-26,아시아,아부다비,야스 마리나 서킷,Valtteri Bottas,Mercedes,1:34:14,55,2017
2018-03-25,오세아니아,호주,앨버트 파크 서킷,Sebastian Vettel,Ferrari,1:29:33,58,2018
2018-04-08,아시아,사키르,바레인 인터내셔널 서킷,Sebastian Vettel,Ferrari,1:32:01,57,2018
2018-04-15,아시아,중국,상하이 인터내셔널 서킷,Daniel Ricciardo,Red Bull Racing TAG Heuer,1:35:36,56,2018
2018-04-29,아시아,아제르바이잔,바쿠 시티 서킷,Lewis Hamilton,Mercedes,1:43:44,51,2018
2018-05-13,유럽,스페인,카탈루냐 서킷,Lewis Hamilton,Mercedes,1:35:29,66,2018
2018-05-27,유럽,모나코,모나코 서킷,Daniel Ricciardo,Red Bull Racing TAG Heuer,1:42:54,78,2018
2018-06-10,북아메리카,캐나다,서킷 질 빌뇌브,Sebastian Vettel,Ferrari,1:28:31,68,2018
2018-06-24,유럽,프랑스,서킷 폴 리카르,Lewis Hamilton,Mercedes,1:30:11,53,2018
2018-07-01,유럽,오스트리아,레드불 링,Max Verstappen,Red Bull Racing TAG Heuer,1:21:56,71,2018
2018-07-08,유럽,영국,실버스톤 서킷,Sebastian Vettel,Ferrari,1:27:29,52,2018
2018-07-22,유럽,독일,호켄하임링,Lewis Hamilton,Mercedes,1:32:29,67,2018
2018-07-29,유럽,헝가리,헝가로링,Lewis Hamilton,Mercedes,1:37:16,70,2018
2018-08-26,유럽,벨기에,스파 서킷,Sebastian Vettel,Ferrari,1:23:34,44,2018
2018-09-02,유럽,이탈리아,몬차 서킷,Lewis Hamilton,Mercedes,1:16:54,53,2018
2018-09-16,아시아,싱가포르,마리나 베이 시가지 서킷,Lewis Hamilton,Mercedes,1:51:11,61,2018
2018-09-30,유럽,러시아,소치 오토드롬,Lewis Hamilton,Mercedes,1:27:25,53,2018
2018-10-07,아시아,일본,스즈카 서킷,Lewis Hamilton,Mercedes,1:27:17,53,2018
2018-10-21,북아메리카,미국,서킷 오브 디 아메리카스,Kimi Raikkonen,Ferrari,1:34:18,56,2018
2018-10-28,북아메리카,멕시코,아우토드로모 에르마노스 로드리게스,Max Verstappen,Red Bull Racing TAG Heuer,1:38:28,71,2018
2018-11-11,남아메리카,브라질,인터라고스 서킷,Lewis Hamilton,Mercedes,1:27:09,71,2018
2018-11-25,아시아,아부다비,야스 마리나 서킷,Lewis Hamilton,Mercedes,1:39:40,55,2018
2019-03-17,오세아니아,호주,앨버트 파크 서킷,Valtteri Bottas,Mercedes,1:25:27,58,2019
2019-03-31,아시아,사키르,바레인 인터내셔널 서킷,Lewis Hamilton,Mercedes,1:34:21,57,2019
2019-04-14,아시아,중국,상하이 인터내셔널 서킷,Lewis Hamilton,Mercedes,1:32:06,56,2019
2019-04-28,아시아,아제르바이잔,바쿠 시티 서킷,Valtteri Bottas,Mercedes,1:31:52,51,2019
2019-05-12,유럽,스페인,카탈루냐 서킷,Lewis Hamilton,Mercedes,1:35:50,66,2019
2019-05-26,유럽,모나코,모나코 서킷,Lewis Hamilton,Mercedes,1:43:28,78,2019
2019-06-09,북아메리카,캐나다,서킷 질 빌뇌브,Lewis Hamilton,Mercedes,1:29:07,70,2019
2019-06-23,유럽,프랑스,서킷 폴 리카르,Lewis Hamilton,Mercedes,1:24:31,53,2019
2019-06-30,유럽,오스트리아,레드불 링,Max Verstappen,Red Bull Racing Honda,1:22:01,71,2019
2019-07-14,유럽,영국,실버스톤 서킷,Lewis Hamilton,Mercedes,1:21:08,52,2019
2019-07-28,유럽,독일,호켄하임링,Max Verstappen,Red Bull Racing Honda,1:44:31,64,2019
2019-08-04,유럽,헝가리,헝가로링,Lewis Hamilton,Mercedes,1:35:03,70,2019
2019-09-01,유럽,벨기에,스파 서킷,Charles Leclerc,Ferrari,1:23:45,44,2019
2019-09-08,유럽,이탈리아,몬차 서킷,Charles Leclerc,Ferrari,1:15:26,53,2019
2019-09-22,아시아,싱가포르,마리나 베이 시가지 서킷,Sebastian Vettel,Ferrari,1:58:33,61,2019
2019-09-29,유럽,러시아,소치 오토드롬,Lewis Hamilton,Mercedes,1:33:38,53,2019
2019-10-13,아시아,일본,스즈카 서킷,Valtteri Bottas,Mercedes,1:21:46,52,2019
2019-10-27,북아메리카,멕시코,아우토드로모 에르마노스 로드리게스,Lewis Hamilton,Mercedes,1:36:48,71,2019
2019-11-03,북아메리카,미국,서킷 오브 디 아메리카스,Valtteri Bottas,Mercedes,1:33:55,56,2019
2019-11-17,남아메리카,브라질,인터라고스 서킷,Max Verstappen,Red Bull Racing Honda,1:33:14,71,2019
2019-12-01,아시아,아부다비,야스 마리나 서킷,Lewis Hamilton,Mercedes,1:34:05,55,2019
2020-07-05,유럽,오스트리아,레드불 링,Valtteri Bottas,Mercedes,1:30:55,71,2020
2020-07-12,유럽,스티리아,레드불 링,Lewis Hamilton,Mercedes,1:22:50,71,2020
2020-07-19,유럽,헝가리,헝가로링,Lewis Hamilton,Mercedes,1:36:12,70,2020
2020-08-02,유럽,영국,실버스톤 서킷,Lewis Hamilton,Mercedes,1:28:01,52,2020
2020-08-09,유럽,영국,실버스톤 서킷,Max Verstappen,Red Bull Racing Honda,1:19:41,52,2020
2020-08-16,유럽,스페인,카탈루냐 서킷,Lewis Hamilton,Mercedes,1:31:45,66,2020
2020-08-30,유럽,벨기에,스파 서킷,Lewis Hamilton,Mercedes,1:24:08,44,2020
2020-09-06,유럽,이탈리아,몬차 서킷,Pierre Gasly,AlphaTauri Honda,1:47:06,53,2020
2020-09-13,유럽,이탈리아,무젤로 서킷,Lewis Hamilton,Mercedes,2:19:35,59,2020
2020-09-27,유럽,러시아,소치 오토드롬,Valtteri Bottas,Mercedes,1:34:00,53,2020
2020-10-11,유럽,독일,뉘르부르크링,Lewis Hamilton,Mercedes,1:35:49,60,2020
2020-10-25,유럽,포르투갈,포르티망 서킷,Lewis Hamilton,Mercedes,1:29:56,66,2020
2020-11-01,유럽,이탈리아,이몰라 서킷,Lewis Hamilton,Mercedes,1:28:32,63,2020
2020-11-15,아시아,튀르키예,이스탄불 파크,Lewis Hamilton,Mercedes,1:42:19,58,2020
2020-11-29,아시아,사키르,바레인 인터내셔널 서킷,Lewis Hamilton,Mercedes,2:59:47,57,2020
2020-12-06,아시아,사키르,바레인 인터내셔널 서킷,Sergio Perez,Racing Point BWT Mercedes,1:31:15,87,2020
2020-12-13,아시아,아부다비,야스 마리나 서킷,Max Verstappen,Red Bull Racing Honda,1:36:28,55,2020
2021-03-28,아시아,사키르,바레인 인터내셔널 서킷,Lewis Hamilton,Mercedes,1:32:03,56,2021
2021-04-18,유럽,이탈리아,몬차 서킷,Max Verstappen,Red Bull Racing Honda,2:02:34,63,2021
2021-05-02,유럽,포르투갈,포르티망 서킷,Lewis Hamilton,Mercedes,1:34:31,66,2021
2021-05-09,유럽,스페인,카탈루냐 서킷,Lewis Hamilton,Mercedes,1:33:07,66,2021
2021-05-23,유럽,모나코,모나코 서킷,Max Verstappen,Red Bull Racing Honda,1:38:56,78,2021
2021-06-06,아시아,아제르바이잔,바쿠 시티 서킷,Sergio Perez,Red Bull Racing Honda,2:13:36,51,2021
2021-06-20,유럽,프랑스,서킷 폴 리카르,Max Verstappen,Red Bull Racing Honda,1:27:25,53,2021
2021-06-27,유럽,스티리아,레드불 링,Max Verstappen,Red Bull Racing Honda,1:22:18,71,2021
2021-07-04,유럽,오스트리아,레드불 링,Max Verstappen,Red Bull Racing Honda,1:23:54,71,2021
2021-07-18,유럽,영국,실버스톤 서킷,Lewis Hamilton,Mercedes,1:58:23,52,2021
2021-08-01,유럽,헝가리,헝가로링,Esteban Ocon,Alpine Renault,2:04:43,70,2021
2021-08-29,유럽,벨기에,스파 서킷,Max Verstappen,Red Bull Racing Honda,3:27,1,2021
2021-09-05,유럽,네덜란드,서킷 잔드보르트,Max Verstappen,Red Bull Racing Honda,1:30:05,72,2021
2021-09-12,유럽,이탈리아,몬차 서킷,Daniel Ricciardo,McLaren Mercedes,1:21:54,53,2021
2021-09-26,유럽,러시아,소치 오토드롬,Lewis Hamilton,Mercedes,1:30:41,53,2021
2021-10-10,아시아,튀르키예,이스탄불 파크,Valtteri Bottas,Mercedes,1:31:04,58,2021
2021-10-24,북아메리카,미국,서킷 오브 디 아메리카스,Max Verstappen,Red Bull Racing Honda,1:34:36,56,2021
2021-11-07,북아메리카,멕시코,아우토드로모 에르마노스 로드리게스,Max Verstappen,Red Bull Racing Honda,1:38:39,71,2021
2021-11-14,남아메리카,브라질,인터라고스 서킷,Lewis Hamilton,Mercedes,1:32:22,71,2021
2021-11-21,아시아,카타르,루사일 인터내셔널 서킷,Lewis Hamilton,Mercedes,1:24:28,57,2021
2021-12-05,아시아,사우디아라비아,제다 코니쉬 서킷,Lewis Hamilton,Mercedes,2:06:15,50,2021
2021-12-12,아시아,아부다비,야스 마리나 서킷,Max Verstappen,Red Bull Racing Honda,1:30:17,58,2021
2022-03-20,아시아,사키르,바레인 인터내셔널 서킷,Charles Leclerc,Ferrari,1:37:33,57,2022
2022-03-27,아시아,사우디아라비아,제다 코니쉬 서킷,Max Verstappen,Red Bull Racing RBPT,1:24:19,50,2022
2022-04-10,오세아니아,호주,앨버트 파크 서킷,Charles Leclerc,Ferrari,1:27:46,58,2022
2022-04-24,유럽,이탈리아,이몰라 서킷,Max Verstappen,Red Bull Racing RBPT,1:32:07,63,2022
2022-05-08,북아메리카,미국,마이애미 인터내셔널 오토드롬,Max Verstappen,Red Bull Racing RBPT,1:34:24,57,2022
2022-05-22,유럽,스페인,카탈루냐 서킷,Max Verstappen,Red Bull Racing RBPT,1:37:20,66,2022
2022-05-29,유럽,모나코,모나코 서킷,Sergio Perez,Red Bull Racing RBPT,1:56:30,64,2022
2022-06-12,아시아,아제르바이잔,바쿠 시티 서킷,Max Verstappen,Red Bull Racing RBPT,1:34:05,51,2022
2022-06-19,북아메리카,캐나다,서킷 질 빌뇌브,Max Verstappen,Red Bull Racing RBPT,1:36:21,70,2022
2022-07-03,유럽,영국,실버스톤 서킷,Carlos Sainz,Ferrari,2:17:50,52,2022
2022-07-10,유럽,오스트리아,레드불 링,Charles Leclerc,Ferrari,1:24:24,71,2022
2022-07-24,유럽,프랑스,서킷 폴 리카르,Max Verstappen,Red Bull Racing RBPT,1:30:02,53,2022
2022-07-31,유럽,헝가리,헝가로링,Max Verstappen,Red Bull Racing RBPT,1:39:35,70,2022
2022-08-28,유럽,벨기에,스파 서킷,Max Verstappen,Red Bull Racing RBPT,1:25:52,44,2022
2022-09-04,유럽,네덜란드,서킷 잔드보르트,Max Verstappen,Red Bull Racing RBPT,1:36:42,72,2022
2022-09-11,유럽,이탈리아,몬차 서킷,Max Verstappen,Red Bull Racing RBPT,1:20:27,53,2022
2022-10-02,아시아,싱가포르,마리나 베이 시가지 서킷,Sergio Perez,Red Bull Racing RBPT,2:02:20,59,2022
2022-10-09,아시아,일본,스즈카 서킷,Max Verstappen,Red Bull Racing RBPT,3:01:44,28,2022
2022-10-23,북아메리카,미국,서킷 오브 디 아메리카스,Max Verstappen,Red Bull Racing RBPT,1:42:11,56,2022
2022-10-30,북아메리카,멕시코,아우토드로모 에르마노스 로드리게스,Max Verstappen,Red Bull Racing RBPT,1:38:36,71,2022
2022-11-13,남아메리카,브라질,인터라고스 서킷,George Russell,Mercedes,1:38:34,71,2022
2022-11-20,아시아,아부다비,야스 마리나 서킷,Max Verstappen,Red Bull Racing RBPT,1:27:45,58,2022
2023-03-05,아시아,사키르,바레인 인터내셔널 서킷,Max Verstappen,Red Bull Racing Honda RBPT,1:33:56,57,2023
2023-03-19,아시아,사우디아라비아,제다 코니쉬 서킷,Sergio Perez,Red Bull Racing Honda RBPT,1:21:14,50,2023
2023-04-02,오세아니아,호주,앨버트 파크 서킷,Max Verstappen,Red Bull Racing Honda RBPT,2:32:38,58,2023
2023-04-30,아시아,아제르바이잔,바쿠 시티 서킷,Sergio Perez,Red Bull Racing Honda RBPT,1:32:42,51,2023
2023-05-07,북아메리카,미국,마이애미 인터내셔널 오토드롬,Max Verstappen,Red Bull Racing Honda RBPT,1:27:38,57,2023
2023-05-28,유럽,모나코,모나코 서킷,Max Verstappen,Red Bull Racing Honda RBPT,1:48:51,78,2023
2023-06-04,유럽,스페인,카탈루냐 서킷,Max Verstappen,Red Bull Racing Honda RBPT,1:27:57,66,2023
2023-06-18,북아메리카,캐나다,서킷 질 빌뇌브,Max Verstappen,Red Bull Racing Honda RBPT,1:33:58,70,2023
2023-07-02,유럽,오스트리아,레드불 링,Max Verstappen,Red Bull Racing Honda RBPT,1:25:33,71,2023
2023-07-09,유럽,영국,실버스톤 서킷,Max Verstappen,Red Bull Racing Honda RBPT,1:25:16,52,2023
2023-07-23,유럽,헝가리,헝가로링,Max Verstappen,Red Bull Racing Honda RBPT,1:38:08,70,2023
2023-07-30,유럽,벨기에,스파 서킷,Max Verstappen,Red Bull Racing Honda RBPT,1:22:30,44,2023
2023-08-27,유럽,네덜란드,서킷 잔드보르트,Max Verstappen,Red Bull Racing Honda RBPT,2:24:04,72,2023
2023-09-03,유럽,이탈리아,몬차 서킷,Max Verstappen,Red Bull Racing Honda RBPT,1:13:41,51,2023
2023-09-17,아시아,싱가포르,마리나 베이 시가지 서킷,Carlos Sainz,Ferrari,1:46:37,62,2023
2023-09-24,아시아,일본,스즈카 서킷,Max Verstappen,Red Bull Racing Honda RBPT,1:30:58,53,2023
2023-10-08,아시아,카타르,루사일 인터내셔널 서킷,Max Verstappen,Red Bull Racing Honda RBPT,1:27:39,57,2023
2023-10-22,북아메리카,미국,서킷 오브 디 아메리카스,Max Verstappen,Red Bull Racing Honda RBPT,1:35:21,56,2023
2023-10-29,북아메리카,멕시코,아우토드로모 에르마노스 로드리게스,Max Verstappen,Red Bull Racing Honda RBPT,2:02:30,71,2023
2023-11-05,남아메리카,브라질,인터라고스 서킷,Max Verstappen,Red Bull Racing Honda RBPT,1:56:48,71,2023
2023-11-18,북아메리카,미국,서킷 오브 디 아메리카스,Max Verstappen,Red Bull Racing Honda RBPT,1:29:08,50,2023
2023-11-26,아시아,아부다비,야스 마리나 서킷,Max Verstappen,Red Bull Racing Honda RBPT,1:27:02,58,2023
2024-03-02,아시아,사키르,바레인 인터내셔널 서킷,Max Verstappen,Red Bull Racing Honda RBPT,1:31:44,57,2024
2024-03-09,아시아,사우디아라비아,제다 코니쉬 서킷,Max Verstappen,Red Bull Racing Honda RBPT,1:20:43,50,2024
2024-03-24,오세아니아,호주,앨버트 파크 서킷,Carlos Sainz,Ferrari,1:20:26,58,2024
2024-04-07,아시아,일본,스즈카 서킷,Max Verstappen,Red Bull Racing Honda RBPT,1:54:23,53,2024
2024-04-21,아시아,중국,상하이 인터내셔널 서킷,Max Verstappen,Red Bull Racing Honda RBPT,1:40:52,56,2024
2024-05-05,북아메리카,미국,마이애미 인터내셔널 오토드롬,Lando Norris,McLaren Mercedes,1:30:49,57,2024
2024-05-19,유럽,이탈리아,이몰라 서킷,Max Verstappen,Red Bull Racing Honda RBPT,1:25:25,63,2024
2024-05-26,유럽,모나코,모나코 서킷,Charles Leclerc,Ferrari,2:23:15,78,2024
2024-06-09,북아메리카,캐나다,서킷 질 빌뇌브,Max Verstappen,Red Bull Racing Honda RBPT,1:45:47,70,2024
2024-06-23,유럽,스페인,카탈루냐 서킷,Max Verstappen,Red Bull Racing Honda RBPT,1:28:20,66,2024
2024-06-30,유럽,오스트리아,레드불 링,George Russell,Mercedes,1:24:22,71,2024
2024-07-07,유럽,영국,실버스톤 서킷,Lewis Hamilton,Mercedes,1:22:27,52,2024
2024-07-21,유럽,헝가리,헝가로링,Oscar Piastri,McLaren Mercedes,1:38:01,70,2024
2024-07-28,유럽,벨기에,스파 서킷,Lewis Hamilton,Mercedes,1:19:57,44,2024
2024-08-25,유럽,네덜란드,서킷 잔드보르트,Lando Norris,McLaren Mercedes,1:30:45,72,2024
2024-09-01,유럽,이탈리아,몬차 서킷,Charles Leclerc,Ferrari,1:14:40,53,2024
2024-09-15,아시아,아제르바이잔,바쿠 시티 서킷,Oscar Piastri,McLaren Mercedes,1:32:58,51,2024
2024-09-22,아시아,싱가포르,마리나 베이 시가지 서킷,Lando Norris,McLaren Mercedes,1:40:52,62,2024
2024-10-20,북아메리카,미국,서킷 오브 디 아메리카스,Charles Leclerc,Ferrari,1:35:09,56,2024
2024-10-27,북아메리카,멕시코,아우토드로모 에르마노스 로드리게스,Carlos Sainz,Ferrari,1:40:55,71,2024
2024-11-03,남아메리카,브라질,인터라고스 서킷,Max Verstappen,Red Bull Racing Honda RBPT,2:06:54,69,2024
2024-11-23,북아메리카,미국,라스베이거스 스트립 서킷,George Russell,Mercedes,1:22:05,50,2024
2024-12-01,아시아,카타르,루사일 인터내셔널 서킷,Max Verstappen,Red Bull Racing Honda RBPT,1:31:05,57,2024
2024-12-08,아시아,아부다비,야스 마리나 서킷,Lando Norris,McLaren Mercedes,1:26:33,58,2024
2025-03-16,오세아니아,호주,앨버트 파크 서킷,Lando Norris,McLaren,1:42:06,57,2025
2025-03-23,아시아,중국,상하이 인터내셔널 서킷,Oscar Piastri,McLaren,1:30:55,56,2025
2025-04-06,아시아,일본,스즈카 서킷,Max Verstappen,Red Bull Racing,1:22:06,53,2025
2025-04-13,아시아,사키르,바레인 인터내셔널 서킷,Oscar Piastri,McLaren,1:35:39,57,2025
2025-04-20,아시아,사우디아라비아,제다 코니쉬 서킷,Oscar Piastri,McLaren,1:21:06,50,2025
2025-05-04,북아메리카,미국,마이애미 인터내셔널 오토드롬,Oscar Piastri,McLaren,1:28:51,57,2025
2025-05-18,유럽,이탈리아,이몰라 서킷,Max Verstappen,Red Bull Racing,1:31:33,63,2025
2025-05-25,유럽,모나코,모나코 서킷,Lando Norris,McLaren,1:40:33,78,2025
2025-06-01,유럽,스페인,카탈루냐 서킷,Oscar Piastri,McLaren,1:32:57,66,2025
2025-06-15,북아메리카,캐나다,서킷 질 빌뇌브,George Russell,Mercedes,1:31:52,70,2025
2025-06-29,유럽,오스트리아,레드불 링,Lando Norris,McLaren,1:23:47,70,2025
2025-07-06,유럽,영국,실버스톤 서킷,Lando Norris,McLaren,1:37:15,52,2025
2025-07-27,유럽,벨기에,스파 서킷,Oscar Piastri,McLaren,1:25:22,44,2025
2025-08-03,유럽,헝가리,헝가로링,Lando Norris,McLaren,1:35:21,70,2025
